Date,Adj Close,Close,High,Low,Open,Volume,Daily_Return,SMA_20,SMA_50,SMA_200,Volatility_20,Cumulative_Max_Close,Drawdown
2023-01-02,1397.7021484375,1524.0,1526.5,1504.050048828125,1514.0,3801140,,,,,,1524.0,0.0
2023-01-03,1396.372314453125,1522.550048828125,1532.6500244140625,1515.0999755859375,1519.8499755859375,4551130,-0.0009514115301016979,,,,,1524.0,-0.0009514115301016979
2023-01-04,1370.9219970703125,1494.800048828125,1521.0,1491.0999755859375,1521.0,7059590,-0.018226001845626394,,,,,1524.0,-0.0191600729474245
2023-01-05,1352.9462890625,1475.199951171875,1505.9000244140625,1469.25,1505.9000244140625,9868404,-0.013112186925345548,,,,,1524.0,-0.03202102941478013
2023-01-06,1328.4591064453125,1448.5,1475.0,1446.5,1470.0,6443714,-0.018099208280657142,,,,,1524.0,-0.04954068241469811
2023-01-09,1361.4296875,1484.449951171875,1489.3499755859375,1448.199951171875,1448.199951171875,11498717,0.02481874433681397,,,,,1524.0,-0.025951475609005903
2023-01-10,1347.9481201171875,1469.75,1483.9000244140625,1454.050048828125,1482.0,7158624,-0.009902624982587205,,,,,1524.0,-0.0355971128608924
2023-01-11,1349.3236083984375,1471.25,1494.0,1464.0,1470.0,6173092,0.0010205817315869226,,,,,1524.0,-0.034612860892388464
2023-01-12,1357.898681640625,1480.5999755859375,1485.0,1455.0,1481.949951171875,6591385,0.006355123592820755,,,,,1524.0,-0.028477706308439932
2023-01-13,1379.03857421875,1503.6500244140625,1519.4000244140625,1468.0,1483.5,11610426,0.015568046203028763,,,,,1524.0,-0.013353002352977317
2023-01-16,1399.0780029296875,1525.5,1528.0,1502.300048828125,1510.0,6073063,0.014531290680124709,,,,,1525.5,0.0
2023-01-17,1411.9176025390625,1539.5,1542.199951171875,1524.0,1527.0,5922644,0.009177318911832266,,,,,1539.5,0.0
2023-01-18,1417.3287353515625,1545.4000244140625,1551.8499755859375,1539.5999755859375,1544.75,5843098,0.003832428979579472,,,,,1545.4000244140625,0.0
2023-01-19,1411.3673095703125,1538.9000244140625,1549.550048828125,1526.1500244140625,1539.9000244140625,6165284,-0.004206030734640653,,,,,1545.4000244140625,-0.004206030734640653
2023-01-20,1399.123779296875,1525.550048828125,1545.0,1524.0,1538.0,6496429,-0.008675011614884154,,,,,1545.4000244140625,-0.012844554984049239
2023-01-23,1419.71337890625,1548.0,1553.300048828125,1528.0999755859375,1535.0,4855020,0.014715971586196197,,,,,1548.0,0.0
2023-01-24,1423.2899169921875,1551.9000244140625,1568.800048828125,1549.75,1560.0,5200802,0.0025193956163194198,,,,,1551.9000244140625,0.0
2023-01-25,1415.1275634765625,1543.0,1556.0,1538.75,1547.0,4158617,-0.0057349212410914285,,,,,1551.9000244140625,-0.0057349212410914285
2023-01-27,1393.254150390625,1519.1500244140625,1550.949951171875,1507.4000244140625,1546.0,6209955,-0.015456886316226548,,,,,1551.9000244140625,-0.02110316353166186
2023-01-30,1411.275634765625,1538.800048828125,1544.0,1520.0,1528.800048828125,6964719,0.01293488075454663,1512.522509765625,,,,1551.9000244140625,-0.008441249680940954
2023-01-31,1406.6439208984375,1533.75,1548.9000244140625,1513.0,1548.9000244140625,9448126,-0.0032818096360023308,1513.010009765625,,,0.012361173603194999,1551.9000244140625,-0.01169535674240052
2023-02-01,1422.55615234375,1551.0999755859375,1555.050048828125,1528.050048828125,1542.199951171875,6194199,0.011312127521393656,1514.4375061035157,,,0.012593050406874706,1551.9000244140625,-0.0005155285878850613
2023-02-02,1452.5003662109375,1583.75,1586.949951171875,1552.0,1552.0,6916834,0.02104959379019311,1518.8850036621093,,,0.012498365348442448,1583.75,0.0
2023-02-03,1466.853515625,1599.4000244140625,1604.6500244140625,1573.0,1597.5,7040194,0.009881625517955905,1525.0950073242188,,,0.011988476783273907,1599.4000244140625,0.0
2023-02-06,1439.75244140625,1569.8499755859375,1598.0,1561.5999755859375,1598.0,4570612,-0.018475708626396137,1531.1625061035156,,,0.012025438383786828,1599.4000244140625,-0.018475708626396137
2023-02-07,1432.9197998046875,1562.4000244140625,1576.050048828125,1555.0999755859375,1569.0,4336238,-0.004745645308618984,1535.060009765625,,,0.011128062475372279,1599.4000244140625,-0.023133674775048796
2023-02-08,1458.691162109375,1590.5,1603.0,1565.5,1565.5,7983338,0.017985135142631448,1541.097509765625,,,0.011223029728759968,1599.4000244140625,-0.005564601899592292
2023-02-09,1482.9951171875,1617.0,1619.75,1586.050048828125,1596.199951171875,6904911,0.016661427224143432,1548.385009765625,,,0.01154372366965065,1617.0,0.0
2023-02-10,1475.2452392578125,1608.550048828125,1616.300048828125,1596.449951171875,1612.949951171875,4786762,-0.005225696457560325,1554.7825134277343,,,0.01175008211597805,1617.0,-0.005225696457560325
2023-02-13,1437.5511474609375,1567.449951171875,1597.0,1566.0,1597.0,4001199,-0.02555102198168635,1557.972509765625,,,0.013171115463052215,1617.0,-0.0306431965541899
2023-02-14,1461.213134765625,1593.25,1596.0,1578.1500244140625,1584.699951171875,5043736,0.016459886842853377,1561.360009765625,,,0.013273102953037966,1617.0,-0.014687693259121781
2023-02-15,1464.6983642578125,1597.050048828125,1599.0,1576.0,1584.0,3465747,0.0023850926270987394,1564.2375122070312,,,0.013173286420056511,1617.0,-0.012337632140924537
2023-02-16,1469.0546875,1601.800048828125,1614.449951171875,1597.8499755859375,1600.0,4290289,0.002974233652530467,1567.0575134277344,,,0.013168123241687795,1617.0,-0.009400093489100203
2023-02-17,1452.54638671875,1583.800048828125,1595.0,1575.5,1594.0,2857734,-0.01123735762972966,1569.3025146484374,,,0.013430310700401633,1617.0,-0.020531818906539878
2023-02-20,1460.4794921875,1592.449951171875,1603.0,1582.5,1584.949951171875,2417716,0.005461486347440259,1572.647509765625,,,0.013235840401833662,1617.0,-0.01518246680774582
2023-02-21,1448.6025390625,1579.5,1601.6500244140625,1576.0,1598.699951171875,2723288,-0.008132093044648125,1574.222509765625,,,0.013086767951760742,1617.0,-0.023191094619666064
2023-02-22,1432.36962890625,1561.800048828125,1575.0,1555.300048828125,1563.0,3656244,-0.011206046959085114,1574.717510986328,,,0.013364750007213336,1617.0,-0.03413726108341064
2023-02-23,1422.189453125,1550.699951171875,1569.8499755859375,1548.1500244140625,1569.8499755859375,4766854,-0.007107246324251859,1575.1025085449219,,,0.013401393561163369,1617.0,-0.04100188548430739
2023-02-24,1422.1435546875,1550.6500244140625,1569.0,1545.0,1560.0,2790986,-3.2196272254148006e-05,1576.677508544922,,,0.012878432346991918,1617.0,-0.041032761648693516
2023-02-27,1384.2203369140625,1509.300048828125,1540.0,1502.0,1540.0,4920268,-0.02666622057518253,1575.2025085449218,,,0.013962639755804331,1617.0,-0.06660479355094306
2023-02-28,1364.272705078125,1487.550048828125,1524.0,1481.300048828125,1515.5999755859375,9679811,-0.014410653479331348,1572.892510986328,,,0.01428173316175359,1617.0,-0.08005562843034941
2023-03-01,1372.0684814453125,1496.050048828125,1500.8499755859375,1481.5,1492.4000244140625,5125043,0.005714093456348657,1570.1400146484375,,,0.014072161219478976,1617.0,-0.0747989803165584
2023-03-02,1350.149169921875,1472.1500244140625,1488.5999755859375,1467.300048828125,1485.0,4644499,-0.01597541768925692,1564.5600158691407,,,0.013336505237489082,1617.0,-0.08957945305252779
2023-03-03,1356.70654296875,1479.300048828125,1489.800048828125,1473.0,1486.75,4615015,0.0048568585371646655,1558.5550170898437,,,0.013115413987807377,1617.0,-0.0851576692466759
2023-03-06,1382.523681640625,1507.449951171875,1520.4000244140625,1493.1500244140625,1494.550048828125,6561742,0.0190292039576756,1555.4350158691407,,,0.013581594597235359,1617.0,-0.06774894794565556
2023-03-08,1368.995849609375,1492.699951171875,1496.0,1481.0999755859375,1490.550048828125,4137080,-0.009784736129072491,1551.9500122070312,,,0.013682782497635224,1617.0,-0.0768707784960575
2023-03-09,1357.7154541015625,1480.4000244140625,1498.3499755859375,1474.5999755859375,1495.0,5104656,-0.008240053031525973,1546.4450134277345,,,0.012880683032446825,1617.0,-0.08447741223620131
2023-03-10,1349.5987548828125,1471.550048828125,1474.300048828125,1457.6500244140625,1460.0,3699580,-0.005978097433117946,1539.1725158691406,,,0.011978705734442695,1617.0,-0.08995049546807354
2023-03-13,1316.16943359375,1435.0999755859375,1478.300048828125,1428.0,1464.199951171875,8798403,-0.02476984950067762,1530.5000122070312,,,0.012798703599411336,1617.0,-0.1124922847334957
2023-03-14,1302.32080078125,1420.0,1448.3499755859375,1411.0,1441.0,7402784,-0.010521898016040532,1523.1275146484375,1529.935009765625,,0.01198141839910182,1617.0,-0.12183055040197899
2023-03-15,1301.9998779296875,1419.6500244140625,1442.8499755859375,1416.8499755859375,1438.0,7556182,-0.0002464616802376751,1514.4475158691407,1527.8480102539063,,0.01095530905006811,1617.0,-0.12204698552006032
2023-03-16,1287.738525390625,1404.0999755859375,1417.800048828125,1398.699951171875,1417.800048828125,7323117,-0.010953438214142297,1504.8000122070312,1525.4790087890624,,0.010842997855990884,1617.0,-0.1316635896190863
2023-03-17,1302.9627685546875,1420.699951171875,1442.9000244140625,1411.4000244140625,1430.0,9090018,0.011822502581420702,1495.7450073242187,1523.9970068359376,,0.011409657139733985,1617.0,-0.12139768016581631
2023-03-20,1287.3258056640625,1403.6500244140625,1419.699951171875,1384.8499755859375,1419.699951171875,8221829,-0.012001075064265843,1486.7375061035157,1522.5660083007813,,0.011429654349781021,1617.0,-0.13194185255778446
2023-03-21,1275.4490966796875,1390.699951171875,1405.0,1390.0,1399.0,8536755,-0.00922599865845719,1476.6500061035156,1521.4100073242187,,0.011125171595501922,1617.0,-0.13995055586154914
2023-03-22,1274.119384765625,1389.25,1407.25,1382.1500244140625,1403.0,8356487,-0.001042605323062773,1467.1375061035155,1519.5060083007813,,0.0111896104171174,1617.0,-0.14084724799010517
2023-03-23,1260.637451171875,1374.550048828125,1383.949951171875,1370.0,1383.949951171875,7607718,-0.01058121372818066,1457.7750061035156,1517.6020092773438,,0.011176164519572382,1617.0,-0.14993812688427643
2023-03-24,1266.23193359375,1380.6500244140625,1398.949951171875,1377.5,1388.0,7559127,0.004437798093374745,1449.272509765625,1515.790009765625,,0.0114279041373641,1617.0,-0.146165723924513
2023-03-27,1273.84423828125,1388.949951171875,1395.75,1374.0999755859375,1386.25,4170193,0.006011608018719139,1441.1875061035157,1513.9570092773438,,0.01166393095385087,1617.0,-0.14103280694380027
2023-03-28,1263.4346923828125,1377.5999755859375,1398.0,1375.8499755859375,1392.0999755859375,6633366,-0.008171623157739671,1434.6025024414062,1511.4360083007812,,0.010573546551872095,1617.0,-0.148051963150317
2023-03-29,1268.8916015625,1383.550048828125,1389.9000244140625,1364.550048828125,1379.0,8813966,0.0043191589341142755,1429.4025024414063,1508.5970092773437,,0.010478730923162812,1617.0,-0.1443722641755566
2023-03-31,1309.6119384765625,1427.949951171875,1429.949951171875,1393.9000244140625,1404.0,8711975,0.032091287468318797,1425.9974975585938,1506.3660083007812,,0.013052035447921533,1617.0,-0.1169140685393476
2023-04-03,1293.9290771484375,1410.8499755859375,1435.0,1405.1500244140625,1435.0,5242764,-0.011975192528214329,1422.9324951171875,1503.6750073242188,,0.012859808389637073,1617.0,-0.12748919258754643
2023-04-05,1305.5767822265625,1423.550048828125,1427.5,1400.0,1400.0,7506334,0.00900171773183267,1420.1449951171876,1501.3680078125,,0.01300943780514499,1617.0,-0.11963509658124616
2023-04-06,1304.0634765625,1421.9000244140625,1428.4000244140625,1410.3499755859375,1416.0,6948465,-0.0011590912559912292,1415.867498779297,1499.2950073242187,,0.012053101877523625,1617.0,-0.12065551984288037
2023-04-10,1309.2911376953125,1427.5999755859375,1434.0,1415.0,1423.949951171875,4993788,0.004008686316904653,1412.6125,1496.8870068359374,,0.012029920946870392,1617.0,-0.11713050365742883
2023-04-11,1289.6187744140625,1406.1500244140625,1433.3499755859375,1389.0,1428.9000244140625,6942255,-0.01502518320166768,1408.9,1493.9720068359375,,0.012303022108623647,1617.0,-0.13039577958314008
2023-04-12,1309.93310546875,1428.300048828125,1431.5,1400.0,1413.050048828125,5831169,0.015752248358628984,1406.7375,1491.6780078125,,0.012923398926520597,1617.0,-0.11669755792942171
2023-04-13,1274.0732421875,1389.199951171875,1411.050048828125,1383.0,1409.75,11267238,-0.027375268724754598,1404.4424987792968,1489.0790063476563,,0.013181798255664368,1617.0,-0.14087819964633586
2023-04-17,1154.021484375,1258.300048828125,1261.1500244140625,1185.300048828125,1250.300048828125,53171705,-0.09422682619109501,1396.3575012207032,1483.4690063476562,,0.02456034336555525,1617.0,-0.2218305202052412
2023-04-18,1154.984375,1259.3499755859375,1269.949951171875,1253.0999755859375,1269.949951171875,12430884,0.0008344009513392425,1388.3424987792969,1477.981005859375,,0.024574222712030837,1617.0,-0.22118121485099718
2023-04-19,1130.084228515625,1232.199951171875,1254.3499755859375,1229.4000244140625,1254.3499755859375,11307230,-0.021558760424345458,1379.7474975585938,1471.6030053710938,,0.02480747843168865,1617.0,-0.2379715824540043
2023-04-20,1122.0137939453125,1223.4000244140625,1237.8499755859375,1221.4000244140625,1230.699951171875,8621249,-0.007141638619157065,1369.882501220703,1464.396005859375,,0.024441964128672534,1617.0,-0.24341371402964596
2023-04-21,1125.6363525390625,1227.3499755859375,1233.25,1220.0,1228.0999755859375,8691352,0.0032286669062040474,1361.0674987792968,1456.9550048828125,,0.024520035990199227,1617.0,-0.24097094892644555
2023-04-24,1124.6734619140625,1226.300048828125,1230.0,1218.0,1228.0,8313774,-0.0008554420325883605,1352.8475036621094,1450.0840063476562,,0.02454050834804101,1617.0,-0.24162025428068956
2023-04-25,1123.3892822265625,1224.9000244140625,1235.5,1215.0,1225.949951171875,6808576,-0.001141665463848307,1344.6300048828125,1443.3340063476562,,0.024539471195895377,1617.0,-0.24248607024485935
2023-04-26,1125.81982421875,1227.550048828125,1233.0,1220.550048828125,1228.0,5680192,0.0021634618019785723,1337.2800048828126,1436.0750073242189,,0.02457904205957602,1617.0,-0.24084721779336737
2023-04-27,1142.969970703125,1246.25,1247.800048828125,1225.4000244140625,1230.0,8020704,0.015233554990060849,1330.5600036621095,1428.6600073242187,,0.024921218470623015,1617.0,-0.22928262213976502
2023-04-28,1148.931396484375,1252.75,1259.0,1244.949951171875,1255.699951171875,10118277,0.005215646940822438,1323.7500061035157,1421.5440063476562,,0.024903674672241773,1617.0,-0.22526283240568956
2023-05-02,1171.58447265625,1277.449951171875,1279.75,1254.550048828125,1254.550048828125,8886401,0.01971658445170621,1318.7425048828125,1415.7440063476563,,0.02548131943875462,1617.0,-0.20998766161294058
2023-05-03,1163.9720458984375,1269.1500244140625,1272.5,1262.0999755859375,1266.0,5549783,-0.0064972617911164265,1313.0225036621093,1409.2620068359374,,0.025422582606418862,1617.0,-0.2151205785936534
2023-05-04,1168.0076904296875,1273.550048828125,1275.800048828125,1262.5,1268.949951171875,4505401,0.00346690645662151,1305.302508544922,1402.7920068359374,,0.024053539204566682,1617.0,-0.2123994750599103
2023-05-05,1154.755126953125,1259.0999755859375,1279.0,1254.25,1279.0,5373791,-0.011346293972100963,1297.7150085449218,1395.9380053710938,,0.024044923668705896,1617.0,-0.2213358221484617
2023-05-08,1160.7164306640625,1265.5999755859375,1270.300048828125,1255.199951171875,1262.449951171875,5260842,0.005162417699972721,1289.8175048828125,1389.57400390625,,0.02393911131318762,1617.0,-0.21731603241438624
2023-05-09,1165.3935546875,1270.699951171875,1272.0,1260.699951171875,1266.0,4969897,0.004029690016054577,1282.257501220703,1383.13900390625,,0.02401750116473931,1617.0,-0.21416205864448057
2023-05-10,1158.561279296875,1263.25,1276.4000244140625,1259.1500244140625,1276.4000244140625,6515734,-0.005862872006097475,1274.0400024414062,1376.81400390625,,0.023916970610506467,1617.0,-0.218769325912183
2023-05-11,1152.0035400390625,1256.0999755859375,1275.9000244140625,1253.050048828125,1270.25,6888461,-0.005660023284434934,1266.5375,1370.7000024414062,,0.02381855937200799,1617.0,-0.2231911097180349
2023-05-12,1142.007080078125,1245.199951171875,1256.0,1239.050048828125,1253.3499755859375,8292212,-0.008677672658163993,1257.3824951171875,1364.5900024414063,,0.023300570450633294,1617.0,-0.22993200298585348
2023-05-15,1154.0672607421875,1258.3499755859375,1268.9000244140625,1245.6500244140625,1249.9000244140625,5534710,0.010560572542335,1250.8399963378906,1358.7440014648437,,0.023060159058955212,1617.0,-0.22179964404085495
2023-05-16,1159.5242919921875,1264.300048828125,1273.949951171875,1262.75,1265.0,5236469,0.004728472489870628,1251.1399963378906,1353.8440014648438,,0.009407489925394452,1617.0,-0.21811994506609467
2023-05-17,1143.566162109375,1246.9000244140625,1260.949951171875,1242.449951171875,1260.5999755859375,10465667,-0.013762575134115163,1250.5174987792968,1349.0310009765626,,0.009914762002463506,1617.0,-0.2288806280679886
2023-05-18,1142.74072265625,1246.0,1259.6500244140625,1242.449951171875,1258.5999755859375,6948732,-0.0007218096049724787,1251.207501220703,1344.03,,0.008585572683325169,1617.0,-0.22943722943722944
2023-05-19,1163.742919921875,1268.9000244140625,1273.300048828125,1252.800048828125,1256.050048828125,11094136,0.018378831792987604,1253.4825012207032,1339.965,,0.009246706023631288,1617.0,-0.21527518589111783
2023-05-22,1185.6622314453125,1292.800048828125,1295.5999755859375,1270.25,1272.949951171875,7625947,0.018835230478538856,1256.7550048828125,1336.235,,0.009995758025883828,1617.0,-0.20049471315514844
2023-05-23,1192.3114013671875,1300.050048828125,1314.1500244140625,1297.050048828125,1299.199951171875,7436031,0.005607982461457883,1260.4425048828125,1332.087001953125,,0.009980990537664543,1617.0,-0.19601110152867962
2023-05-24,1191.0274658203125,1298.6500244140625,1305.0,1291.300048828125,1296.300048828125,4824077,-0.0010769003972765923,1264.1300048828125,1328.2060034179688,,0.009979596240610034,1617.0,-0.1968769174928494
2023-05-25,1196.2552490234375,1304.3499755859375,1307.0,1289.25,1294.5,4334121,0.00438913569069288,1267.9700012207031,1324.6850024414061,,0.009982482904167473,1617.0,-0.193351901307398
2023-05-26,1208.26953125,1317.449951171875,1323.449951171875,1306.0,1306.0,5521606,0.01004329806504023,1271.5299987792969,1321.6030004882812,,0.009713915955954158,1617.0,-0.18525049401863014
2023-05-29,1205.47216796875,1314.4000244140625,1332.699951171875,1309.8499755859375,1332.699951171875,4419365,-0.0023150228629934544,1274.6125,1319.1890014648438,,0.009762264361641237,1617.0,-0.1871366577525897
2023-05-30,1214.1390380859375,1323.8499755859375,1326.4000244140625,1309.1500244140625,1315.0,6274719,0.007189554927228281,1276.9325012207032,1317.2660009765625,,0.008965474074448658,1617.0,-0.1812925321051716
2023-05-31,1209.049072265625,1318.300048828125,1331.0999755859375,1314.1500244140625,1319.8499755859375,17800782,-0.0041922626129566876,1279.3900024414063,1315.2390014648438,,0.008867157235502843,1617.0,-0.18472476881377553
2023-06-01,1210.149658203125,1319.5,1329.5,1318.0999755859375,1322.550048828125,4277841,0.0009102261453617366,1281.6875,1313.547001953125,,0.00886239620747707,1617.0,-0.18398268398268403
2023-06-02,1207.361328125,1299.0,1312.9000244140625,1296.050048828125,1309.0,10909311,-0.015536187949981017,1283.6825012207032,1311.1130029296876,,0.009231616270304038,1617.0,-0.19666048237476808
2023-06-05,1212.473388671875,1304.5,1309.449951171875,1297.300048828125,1304.0,5002553,0.004234026173979943,1285.6275024414062,1309.1300024414063,,0.009215087776649086,1617.0,-0.19325912183055038
2023-06-06,1188.772216796875,1279.0,1288.5999755859375,1273.0,1288.5999755859375,10008100,-0.019547719432732813,1286.0425048828124,1306.8960034179688,,0.010323323035770857,1617.0,-0.2090290661719233
2023-06-07,1198.020263671875,1288.949951171875,1294.0,1282.5,1290.5,5397578,0.0077794770694878945,1287.3275024414063,1304.8900024414063,,0.010340073781691028,1617.0,-0.20287572592957637
2023-06-08,1192.30419921875,1282.800048828125,1292.0,1281.0999755859375,1286.199951171875,5034942,-0.004771249914054976,1288.6625061035156,1303.0550024414063,,0.010311551066662204,1617.0,-0.20667900505372605
2023-06-09,1176.642822265625,1265.949951171875,1282.5,1264.0,1282.5,5339073,-0.013135404595317146,1289.7000061035155,1300.7610009765624,,0.010578798594517252,1617.0,-0.2170995972963049
2023-06-12,1200.80859375,1291.949951171875,1295.699951171875,1273.0,1273.5,4785588,0.020537936729593476,1291.3800048828125,1298.8210009765626,,0.01127188989823385,1617.0,-0.20102043836000305
2023-06-13,1212.7987060546875,1304.8499755859375,1306.5,1297.050048828125,1299.9000244140625,4846587,0.009984925811066692,1293.4075012207031,1297.3660009765624,,0.011414484383685837,1617.0,-0.19304268671246905
2023-06-14,1208.66259765625,1300.4000244140625,1306.699951171875,1293.199951171875,1306.3499755859375,3457981,-0.0034103163238186074,1296.082501220703,1295.7030004882813,,0.010902423511464733,1617.0,-0.19579466641059828
2023-06-15,1196.0218505859375,1286.800048828125,1293.949951171875,1282.6500244140625,1293.949951171875,6161155,-0.010458301546145687,1298.1225036621095,1292.8800024414063,,0.011249689711267077,1617.0,-0.20420528829429496
2023-06-16,1200.5296630859375,1291.6500244140625,1301.5,1281.050048828125,1287.0,8536287,0.003769020362063502,1299.2600036621093,1290.4960034179687,,0.010561031638286783,1617.0,-0.2012059218218537
2023-06-19,1202.7139892578125,1294.0,1299.5,1287.050048828125,1294.0,4451787,0.0018193593787168005,1299.320001220703,1287.9050024414062,,0.009693440872745516,1617.0,-0.19975262832405694
2023-06-20,1211.450927734375,1303.4000244140625,1305.0,1291.0999755859375,1294.0,4009180,0.007264315621377415,1299.4875,1285.5350024414063,,0.009749966400558648,1617.0,-0.19393937884102508
2023-06-21,1207.6866455078125,1299.3499755859375,1303.800048828125,1295.0,1299.949951171875,4041529,-0.003107295344685679,1299.5224975585938,1282.9700024414062,,0.009774215944589295,1617.0,-0.19644404725668674
2023-06-22,1191.142333984375,1281.550048828125,1289.4000244140625,1273.5,1289.4000244140625,6676607,-0.013699101160013272,1298.382501220703,1280.4780029296876,,0.010182106581454348,1617.0,-0.20745204154104824
2023-06-23,1175.759765625,1265.0,1279.3499755859375,1263.3499755859375,1276.449951171875,7239467,-0.012914087002110164,1295.7600036621093,1277.212001953125,,0.010185597623146058,1617.0,-0.217687074829932
2023-06-26,1180.732421875,1270.3499755859375,1274.0,1262.25,1270.25,3403244,0.004229229712203519,1293.5575012207032,1274.8350024414062,,0.010278954667174305,1617.0,-0.2143784937625618
2023-06-27,1188.91162109375,1279.1500244140625,1282.0,1274.199951171875,1280.0,3240024,0.006927263350452684,1291.3225036621093,1275.252001953125,,0.010267240019726691,1617.0,-0.2089362866950758
2023-06-28,1202.10986328125,1293.3499755859375,1296.699951171875,1281.4000244140625,1290.0,5662358,0.011101083454522431,1290.075,1275.932001953125,,0.010632186326386095,1617.0,-0.20015462239583337
2023-06-30,1241.2862548828125,1335.5,1338.9000244140625,1304.449951171875,1308.199951171875,12821692,0.03258980570588932,1290.875,1277.9980029296876,,0.013010131563507927,1617.0,-0.17408781694495978
2023-07-03,1239.61328125,1333.699951171875,1346.0,1328.449951171875,1330.0,7732412,-0.001347846370741257,1292.6099975585937,1280.2040014648437,,0.01245414397021415,1617.0,-0.1752010196834416
2023-07-04,1250.255615234375,1345.1500244140625,1346.0,1331.4000244140625,1344.300048828125,5797775,0.008585194317602518,1294.6424987792968,1282.5600024414061,,0.01254407893151845,1617.0,-0.1681199601644635
2023-07-05,1252.25390625,1347.300048828125,1357.949951171875,1341.0,1357.8499755859375,5414936,0.001598352878890985,1298.0575012207032,1284.9800024414062,,0.011515951133057194,1617.0,-0.16679032230790047
2023-07-06,1249.09375,1343.9000244140625,1347.449951171875,1337.1500244140625,1342.550048828125,5963897,-0.0025235836790920008,1300.8050048828125,1287.3600024414063,,0.011505662215454144,1617.0,-0.1688929966517857
2023-07-07,1236.360107421875,1330.199951171875,1345.800048828125,1325.3499755859375,1334.0,6295647,-0.010194265193321006,1303.175,1289.4130004882813,,0.011738943372522754,1617.0,-0.17736552184794374
2023-07-10,1235.3843994140625,1329.1500244140625,1341.9000244140625,1319.300048828125,1336.550048828125,3940315,-0.0007892999521519339,1306.3350036621093,1291.0710009765626,,0.011220925948387724,1617.0,-0.17801482720218764
2023-07-11,1253.4622802734375,1348.5999755859375,1350.9000244140625,1327.0,1333.449951171875,6126128,0.014633375326046583,1309.1675048828124,1292.9880004882812,,0.010790738329223974,1617.0,-0.16598640965619205
2023-07-12,1239.2415771484375,1333.300048828125,1351.9000244140625,1327.0,1351.0,8102770,-0.011345044516380742,1310.5900085449218,1294.1050024414062,,0.01103248497390499,1617.0,-0.17544833096590906
2023-07-13,1268.7982177734375,1365.0999755859375,1376.800048828125,1330.8499755859375,1334.9000244140625,9977644,0.02385054045843793,1313.8250061035155,1296.0240014648436,,0.01207585887852296,1617.0,-0.15578232802353897
2023-07-14,1325.35546875,1425.949951171875,1430.0,1380.6500244140625,1380.6500244140625,12833381,0.044575471887924545,1320.7825012207031,1299.0719995117188,,0.01490629508725674,1617.0,-0.11815092691906304
2023-07-17,1322.5670166015625,1422.949951171875,1458.949951171875,1414.300048828125,1425.949951171875,11569884,-0.0021038606562134854,1327.3474975585937,1302.3489990234375,,0.014994612485629806,1617.0,-0.12000621448863635
2023-07-18,1371.131103515625,1475.199951171875,1477.949951171875,1429.0,1434.0,16743977,0.03671949245788264,1336.4074951171874,1306.5409985351562,,0.01655931334310094,1617.0,-0.08769328931856835
2023-07-19,1370.8988037109375,1474.949951171875,1498.800048828125,1460.699951171875,1486.0,13687062,-0.00016946855224708735,1344.9849914550782,1310.6259985351562,,0.016629319976639995,1617.0,-0.08784789661603276
2023-07-20,1347.244140625,1449.5,1471.0,1440.699951171875,1471.0,8347221,-0.017254789663645576,1352.4924926757812,1314.3509985351564,,0.01733773816735432,1617.0,-0.10358688930117499
2023-07-21,1237.661376953125,1331.5999755859375,1350.0,1305.0,1320.199951171875,45548305,-0.08133840939224735,1354.9949890136718,1315.8609985351563,,0.025824909131747058,1617.0,-0.17649970588377395
2023-07-24,1242.3087158203125,1336.5999755859375,1349.9000244140625,1334.25,1341.0,8859789,0.0037548814145929033,1358.5749877929688,1317.6889990234374,,0.025577848034416394,1617.0,-0.1734075599344852
2023-07-25,1240.4498291015625,1334.5999755859375,1342.8499755859375,1324.25,1337.0,6801982,-0.0014963340090764499,1361.7874877929687,1319.2139990234375,,0.025596283201673314,1617.0,-0.17464441831420063
2023-07-26,1253.694580078125,1348.8499755859375,1350.0,1339.4000244140625,1343.0,5528885,0.010677356706636942,1365.2724853515624,1320.9049975585938,,0.025641891238417425,1617.0,-0.16583180235872763
2023-07-27,1257.6912841796875,1353.1500244140625,1363.800048828125,1347.050048828125,1358.5999755859375,9191861,0.0031879370619085634,1368.2624877929688,1323.0299975585938,,0.025570875991331586,1617.0,-0.16317252664560145
2023-07-28,1245.9337158203125,1340.5,1363.8499755859375,1336.0,1353.8499755859375,6122735,-0.009348574944260335,1368.5124877929688,1324.9199975585936,,0.024684669460412936,1617.0,-0.17099567099567103
2023-07-31,1260.061279296875,1355.699951171875,1357.5,1333.25,1348.75,7902180,0.011339016167008609,1369.6124877929688,1326.65599609375,,0.024797882306324827,1617.0,-0.16159557750657083
2023-08-01,1268.89111328125,1365.199951171875,1369.0,1357.0,1362.0,6064652,0.0070074502782035974,1370.6149841308593,1328.103994140625,,0.024775376382562296,1617.0,-0.15572050020292205
2023-08-02,1261.1302490234375,1356.8499755859375,1371.949951171875,1348.449951171875,1369.300048828125,7419145,-0.00611630228873794,1371.09248046875,1329.2399926757812,,0.024826212899119418,1617.0,-0.16088436883986545
2023-08-03,1268.0546875,1364.300048828125,1366.550048828125,1349.0,1350.0,6503741,0.005490712588891888,1372.112481689453,1330.5529931640624,,0.024836913258723226,1617.0,-0.15627702608031846
2023-08-04,1281.1134033203125,1378.3499755859375,1385.9000244140625,1362.0,1368.9000244140625,5712345,0.010298267430160157,1374.5199829101562,1332.0329931640624,,0.024771066521136798,1617.0,-0.14758814125792363
2023-08-07,1294.72998046875,1393.0,1395.0,1377.0,1387.9000244140625,3729093,0.010628668098488392,1377.7124816894532,1333.543994140625,,0.024832988281596465,1617.0,-0.1385281385281385
2023-08-08,1292.1275634765625,1390.199951171875,1393.550048828125,1384.4000244140625,1392.8499755859375,4161877,-0.002010085303750908,1379.79248046875,1335.0599926757814,,0.024688712212332035,1617.0,-0.14025977045647808
2023-08-09,1296.03125,1394.4000244140625,1396.0,1382.5,1384.0,4090828,0.003021200827008297,1382.847479248047,1336.4709936523439,,0.024493821979316883,1617.0,-0.13766232256396882
2023-08-10,1291.1051025390625,1389.0999755859375,1395.800048828125,1385.5999755859375,1391.5999755859375,3873025,-0.0038009529082962956,1384.0474792480468,1337.8869921875,,0.024002847623245054,1617.0,-0.14094002746695267
2023-08-11,1275.0718994140625,1371.8499755859375,1396.8499755859375,1367.050048828125,1392.0,5783517,-0.012418112665162018,1381.34248046875,1338.9339916992187,,0.021864243033989064,1617.0,-0.1516079309919991
2023-08-14,1295.2412109375,1393.550048828125,1395.0,1365.5999755859375,1371.8499755859375,4304135,0.015818109580764572,1379.8724853515625,1340.8249926757812,,0.02221118319450004,1617.0,-0.138187972276979
2023-08-16,1318.4310302734375,1418.5,1419.949951171875,1405.4000244140625,1410.800048828125,7735313,0.01790387879707378,1377.0374877929687,1343.1049926757812,,0.02089799691192628,1617.0,-0.12275819418676559
2023-08-17,1311.971435546875,1411.550048828125,1420.0,1406.0,1420.0,5618346,-0.004899507347109644,1373.8674926757812,1345.7559936523437,,0.02090603588537133,1617.0,-0.1270562468595393
2023-08-18,1290.8262939453125,1388.800048828125,1408.699951171875,1386.1500244140625,1403.699951171875,5134103,-0.016117033908140344,1370.8324951171876,1347.7529956054686,,0.020863782701369734,1617.0,-0.14112551092880332
2023-08-21,1306.2552490234375,1405.4000244140625,1407.0,1387.1500244140625,1389.75,3032722,0.011952746977467843,1374.5224975585938,1350.2049951171875,,0.009516813052332701,1617.0,-0.13085960147553344
2023-08-22,1304.7215576171875,1403.75,1406.050048828125,1396.6500244140625,1404.699951171875,2890714,-0.0011740603283043605,1377.8799987792968,1352.96099609375,,0.009552999483987315,1617.0,-0.13188002473716764
2023-08-23,1308.625244140625,1407.949951171875,1416.5999755859375,1405.6500244140625,1416.0,2559125,0.002991950968388224,1381.5474975585937,1355.28099609375,,0.009506854154264237,1617.0,-0.12928265233650282
2023-08-24,1323.171142578125,1423.5999755859375,1425.050048828125,1414.449951171875,1421.5,5171963,0.011115469268660139,1385.2849975585937,1357.65599609375,,0.009526634664325018,1617.0,-0.11960422041685992
2023-08-25,1319.9180908203125,1420.0999755859375,1422.5,1411.4000244140625,1413.0,4307172,-0.002458555816256869,1388.6324951171875,1360.0499951171876,,0.009596185504064892,1617.0,-0.12176872258136207
2023-08-28,1315.7822265625,1415.6500244140625,1424.800048828125,1411.4000244140625,1420.0999755859375,3133464,-0.0031335478123918348,1392.3899963378906,1362.6269946289062,,0.009289347780787712,1617.0,-0.1245207022794913
2023-08-29,1317.64111328125,1417.6500244140625,1424.4000244140625,1415.300048828125,1424.0,3074444,0.0014127785579121088,1395.4875,1365.1469946289062,,0.009070119208291302,1617.0,-0.12328384389977587
2023-08-30,1333.906494140625,1435.1500244140625,1436.6500244140625,1424.0,1427.0,3070887,0.012344372516928548,1398.9850036621094,1367.9699951171874,,0.00929243962323104,1617.0,-0.11246133307726502
2023-08-31,1334.185302734375,1435.449951171875,1444.9000244140625,1428.6500244140625,1435.1500244140625,9792735,0.00020898634477939382,1402.9150024414062,1370.6109936523437,,0.009087612203651346,1617.0,-0.11227584961541437
2023-09-01,1341.99267578125,1443.8499755859375,1446.0,1428.199951171875,1430.949951171875,3582133,0.005851840676998066,1406.8924987792968,1373.5009936523438,,0.009093473800502972,1617.0,-0.10708102932224028
2023-09-04,1361.7435302734375,1465.0999755859375,1470.0,1434.699951171875,1443.0,4609014,0.014717595566932973,1411.229998779297,1377.1719921875,,0.00933381967360968,1617.0,-0.09393940903776288
2023-09-05,1374.5701904296875,1478.9000244140625,1480.050048828125,1456.5,1465.0,5496840,0.009419185760757287,1415.525,1381.4499926757812,,0.009286255758801175,1617.0,-0.08540505602098791
2023-09-06,1373.2222900390625,1477.449951171875,1482.9000244140625,1463.300048828125,1481.9000244140625,5075786,-0.0009805079574340958,1419.8875,1385.5919921875,,0.009259618124723581,1617.0,-0.08630182364138839
2023-09-07,1362.7659912109375,1466.199951171875,1473.4000244140625,1462.050048828125,1470.5999755859375,4411743,-0.007614471130529155,1423.4774963378907,1389.3329907226562,,0.009564103453704289,1617.0,-0.09325915202728818
2023-09-08,1365.92626953125,1469.5999755859375,1474.75,1460.199951171875,1463.5,3125838,0.0023189363847304634,1427.5024963378905,1392.8579907226563,,0.009447165485163299,1617.0,-0.09115647768340296
2023-09-11,1372.29296875,1476.449951171875,1478.050048828125,1464.5,1469.5999755859375,4182226,0.004661115745600242,1432.7324951171875,1395.6769897460938,,0.008738497700581832,1617.0,-0.08692025283124616
2023-09-12,1395.2039794921875,1501.0999755859375,1504.0,1477.0999755859375,1482.5,6793161,0.01669546901640495,1438.1099914550782,1399.024990234375,,0.00880439746306135,1617.0,-0.07167595820288342
2023-09-13,1392.64794921875,1498.3499755859375,1505.0,1488.6500244140625,1505.0,4804686,-0.0018319899038879983,1442.102490234375,1402.0889892578125,,0.008222592567348305,1617.0,-0.07337663847499232
2023-09-14,1400.6412353515625,1506.949951171875,1512.550048828125,1499.1500244140625,1505.0,6444213,0.005739630744529212,1446.8724853515625,1405.2819873046874,,0.00804219597779401,1617.0,-0.06805816254058439
2023-09-15,1404.96337890625,1511.5999755859375,1518.4000244140625,1509.0,1518.0,8657816,0.003085719210811577,1453.0124816894531,1408.635986328125,,0.006622205736179565,1617.0,-0.06518245170937698
2023-09-18,1386.5601806640625,1491.800048828125,1504.9000244140625,1488.0,1504.9000244140625,3991916,-0.013098655118817026,1457.3324829101562,1411.86798828125,,0.007413684977837635,1617.0,-0.07742730437345391
2023-09-20,1385.119384765625,1490.25,1495.0999755859375,1476.199951171875,1476.199951171875,4169337,-0.0010390459695605037,1461.6574829101562,1415.0899877929687,,0.007409731555979345,1617.0,-0.0783858998144712
2023-09-21,1395.80810546875,1501.75,1504.550048828125,1476.0,1486.550048828125,6779195,0.00771682603589996,1466.3474853515625,1418.15298828125,,0.007483731523902338,1617.0,-0.07127396413110698
2023-09-22,1390.603271484375,1496.1500244140625,1506.949951171875,1485.199951171875,1491.9000244140625,5455613,-0.0037289665962626506,1469.9749877929687,1421.4099877929686,,0.007398917790602263,1617.0,-0.0747371524959416
2023-09-25,1370.1552734375,1474.1500244140625,1489.8499755859375,1471.550048828125,1489.8499755859375,4217863,-0.014704407740537828,1472.677490234375,1423.5909887695314,,0.008285666567553565,1617.0,-0.08834259467281236
2023-09-26,1357.6075439453125,1460.6500244140625,1479.9000244140625,1459.0,1479.1500244140625,3996528,-0.009157819608873186,1474.927490234375,1424.284990234375,,0.008582546349786597,1617.0,-0.09669138873589211
2023-09-27,1363.509521484375,1467.0,1469.5999755859375,1450.050048828125,1456.0,3863586,0.0043473628040946455,1477.3949890136719,1425.1659912109376,,0.008604219977897416,1617.0,-0.09276437847866414
2023-09-28,1337.903076171875,1439.449951171875,1472.5999755859375,1435.0,1467.9000244140625,5814602,-0.018779856051891586,1477.6099853515625,1424.4509912109374,,0.009367541521318145,1617.0,-0.10980213285598328
2023-09-29,1334.185302734375,1435.449951171875,1446.800048828125,1416.0,1432.0999755859375,6068968,-0.0027788392342112944,1477.6099853515625,1423.6609912109375,,0.009391040498956506,1617.0,-0.11227584961541437
2023-10-03,1332.8375244140625,1434.0,1437.0,1420.300048828125,1436.050048828125,4181867,-0.0010101022126833836,1477.1174865722655,1423.3509912109375,,0.009292438767558142,1617.0,-0.11317254174397029
2023-10-04,1342.4573974609375,1444.3499755859375,1449.949951171875,1418.199951171875,1425.0,4510406,0.007217556196609243,1476.0799865722656,1425.6059912109374,,0.008792325530573407,1617.0,-0.10677181472731134
2023-10-05,1360.2100830078125,1463.449951171875,1475.6500244140625,1450.199951171875,1452.0,7384621,0.013223924885787497,1475.3074829101563,1428.1429907226564,,0.009059357473395452,1617.0,-0.09495983229939708
2023-10-06,1374.384033203125,1478.699951171875,1484.5,1463.300048828125,1469.5,3598672,0.01042058185029715,1475.3699829101563,1431.024990234375,,0.0093796386504493,1617.0,-0.0855287871540662
2023-10-09,1371.3634033203125,1475.449951171875,1491.0,1462.199951171875,1464.9000244140625,3567552,-0.0021978765857294524,1475.8324829101562,1433.5569897460937,,0.009222531684827596,1617.0,-0.08753868202110393
2023-10-10,1389.673828125,1495.1500244140625,1497.0,1469.0999755859375,1483.9000244140625,5688951,0.01335190883739612,1477.1099853515625,1436.3969897460938,,0.009665520579067388,1617.0,-0.07535558168579937
2023-10-11,1388.9766845703125,1494.4000244140625,1518.25,1481.449951171875,1497.0,7220129,-0.0005016219026541258,1478.0074890136718,1439.474990234375,,0.009628843067480658,1617.0,-0.07581940357819261
2023-10-12,1362.1153564453125,1465.5,1504.4000244140625,1452.0,1491.9000244140625,11081662,-0.019338881117453077,1476.227490234375,1441.6709912109375,,0.009837210510313436,1617.0,-0.09369202226345086
2023-10-13,1330.1885986328125,1431.1500244140625,1438.0,1400.0,1405.0,17973439,-0.023439082624317598,1472.8674926757812,1442.9899926757812,,0.011029860895477804,1617.0,-0.114935049836696
2023-10-16,1332.9771728515625,1434.1500244140625,1443.5999755859375,1430.0,1432.0999755859375,4850745,0.0020962162937656625,1469.2274963378907,1444.5359936523437,,0.010920791620913901,1617.0,-0.1130797622671228
2023-10-17,1340.6915283203125,1442.449951171875,1453.3499755859375,1438.050048828125,1440.25,3923764,0.005787349033587796,1465.7699951171876,1446.0989916992187,,0.011008776041862968,1617.0,-0.10794684528640996
2023-10-18,1338.9256591796875,1440.550048828125,1454.0,1438.3499755859375,1442.0,4264837,-0.001317135712200268,1463.2074951171876,1447.3429931640626,,0.010710617627125413,1617.0,-0.10912180035366414
2023-10-19,1332.5123291015625,1433.6500244140625,1439.6500244140625,1426.0999755859375,1426.0999755859375,6795691,-0.00478985400033527,1460.3774963378905,1448.1559936523438,,0.010731407976869344,1617.0,-0.11338897686205163
2023-10-20,1326.5638427734375,1427.25,1438.5,1425.25,1430.0,3928622,-0.004464146971070004,1456.6524963378906,1448.8969946289062,,0.01050132878413383,1617.0,-0.11734693877551017
2023-10-23,1309.2760009765625,1408.6500244140625,1432.3499755859375,1405.25,1425.5999755859375,2636516,-0.013032037544885244,1452.2774963378906,1449.1819946289063,1408.2134997558594,0.010761985138635941,1617.0,-0.1288497066084957
2023-10-25,1289.88134765625,1370.050048828125,1402.550048828125,1361.300048828125,1399.0,6940777,-0.02740210479319971,1447.0724975585938,1448.80099609375,1407.44375,0.01181475246130203,1617.0,-0.15272105823863635
2023-10-26,1279.9014892578125,1359.449951171875,1374.0,1353.0999755859375,1355.050048828125,6357656,-0.007737014910744966,1442.0124938964843,1448.5529956054688,1406.6282495117186,0.011783731586898888,1617.0,-0.15927646804460416
2023-10-27,1299.5784912109375,1380.3499755859375,1385.0,1363.6500244140625,1363.6500244140625,4634358,0.01537388294143982,1437.6799926757812,1448.288994140625,1406.0559991455077,0.01241224427230273,1617.0,-0.1463512828782081
2023-10-30,1296.4716796875,1377.050048828125,1380.3499755859375,1363.0999755859375,1380.3499755859375,2667696,-0.002390644993065405,1434.5599975585938,1447.4599951171874,1405.565249633789,0.011841119990728677,1617.0,-0.14839205390963206
2023-10-31,1288.3277587890625,1368.4000244140625,1381.1500244140625,1363.0,1379.949951171875,3451595,-0.006281561386547785,1431.207501220703,1446.5969946289063,1405.1647497558595,0.011876816169969322,1617.0,-0.15374148150027056
2023-11-01,1274.91162109375,1354.1500244140625,1377.449951171875,1351.6500244140625,1373.050048828125,3090672,-0.010413621562234132,1427.2150024414063,1445.903994140625,1404.5132501220703,0.012007579265489461,1617.0,-0.16255409745574367
2023-11-02,1289.9754638671875,1370.1500244140625,1376.300048828125,1361.6500244140625,1370.0,3758060,0.0118155298242697,1423.5050048828125,1445.198994140625,1404.0152502441406,0.012250856462897402,1617.0,-0.15265923041801943
2023-11-03,1307.76953125,1389.050048828125,1392.0,1377.75,1380.050048828125,3349045,0.013794127706668435,1419.785009765625,1444.9049951171876,1403.6042504882812,0.012290127001801411,1617.0,-0.1409709036313389
2023-11-06,1321.185791015625,1403.300048828125,1407.25,1390.800048828125,1393.9000244140625,2736381,0.010258809617423204,1416.0150146484375,1444.8119970703126,1403.2177508544921,0.01228120283378761,1617.0,-0.1321582876758658
2023-11-07,1322.127197265625,1404.300048828125,1405.9000244140625,1394.8499755859375,1400.0,2272209,0.0007126059753472802,1412.45751953125,1444.4259985351562,1402.7210009765624,0.012302712257802254,1617.0,-0.13153985848600802
2023-11-08,1309.60546875,1391.0,1405.0,1386.449951171875,1405.0,3550635,-0.009470945215179438,1407.250018310547,1443.8439990234374,1402.0485009765625,0.011813903821931008,1617.0,-0.13976499690785404
2023-11-09,1294.3533935546875,1374.800048828125,1397.5,1370.050048828125,1395.9000244140625,5498051,-0.011646262524712458,1401.27001953125,1443.0269995117187,1401.2250012207032,0.011925502236270914,1617.0,-0.14978351958681202
2023-11-10,1288.75146484375,1368.8499755859375,1373.1500244140625,1361.0,1369.949951171875,2943649,-0.004327955361406399,1396.437518310547,1442.0509985351562,1400.3422509765626,0.01137523527007318,1617.0,-0.1534632185615723
2023-11-13,1293.1766357421875,1373.550048828125,1382.449951171875,1370.8499755859375,1379.8499755859375,3462092,0.003433592669770613,1393.55751953125,1440.8189990234375,1399.5155010986327,0.010423968881229245,1617.0,-0.1505565560741342
2023-11-15,1327.96435546875,1410.5,1414.0,1393.0,1399.0,8551860,0.026901059195767685,1392.375018310547,1440.32,1398.9402508544922,0.012252292041371926,1617.0,-0.12770562770562766
2023-11-16,1360.3514404296875,1444.9000244140625,1453.4000244140625,1410.5999755859375,1416.0999755859375,6673907,0.024388532019895326,1392.4975219726562,1440.3410009765626,1398.4247509765626,0.013425287211873253,1617.0,-0.10643164847615183
2023-11-17,1353.4315185546875,1437.550048828125,1451.0,1435.050048828125,1441.050048828125,4901251,-0.005086840239287849,1392.3475219726563,1439.7900024414062,1397.8530010986328,0.013473643845340201,1617.0,-0.11097708792323746
2023-11-20,1352.5372314453125,1436.5999755859375,1452.0,1433.6500244140625,1442.0,3584210,-0.0006608975061160871,1392.49501953125,1438.9440014648437,1397.3210009765626,0.01342823969696867,1617.0,-0.11156464094870899
2023-11-21,1354.7967529296875,1439.0,1450.0,1436.75,1442.0,3793135,0.0016706281879781404,1393.08251953125,1438.1750024414061,1396.9202508544922,0.013386376082655926,1617.0,-0.11008039579468154
2023-11-22,1372.4967041015625,1457.800048828125,1458.949951171875,1436.199951171875,1436.199951171875,3108786,0.013064662146021533,1395.540020751953,1438.0070043945314,1396.5152508544923,0.01326981719668093,1617.0,-0.09845389682861783
2023-11-23,1364.4468994140625,1449.25,1467.9000244140625,1447.699951171875,1467.9000244140625,3186928,-0.00586503535584193,1399.500018310547,1437.6000048828125,1396.0927508544921,0.011535939289236647,1617.0,-0.1037414965986394
2023-11-24,1353.2904052734375,1437.4000244140625,1452.6500244140625,1433.8499755859375,1445.550048828125,2973195,-0.008176626245256169,1403.3975219726562,1436.8190063476563,1395.5242510986327,0.011557625336802005,1617.0,-0.11106986740008506
2023-11-28,1358.2801513671875,1442.699951171875,1445.0,1427.050048828125,1444.0,3755373,0.003687162006257072,1406.5150207519532,1435.651005859375,1394.8190008544923,0.011180641922545954,1617.0,-0.10779223798894555
2023-11-29,1374.1912841796875,1459.5999755859375,1460.699951171875,1449.800048828125,1451.0999755859375,3875778,0.011714164404271976,1410.6425170898438,1434.876005859375,1394.1200006103516,0.011315203457872935,1617.0,-0.09734076958198057
2023-11-30,1370.0018310546875,1455.1500244140625,1460.6500244140625,1449.550048828125,1453.25,10120867,-0.0030487470857134547,1414.9800170898438,1433.8400073242187,1393.5465008544923,0.011198491921051995,1617.0,-0.1000927492801098
2023-12-01,1367.3184814453125,1452.300048828125,1459.9000244140625,1446.1500244140625,1459.9000244140625,3489187,-0.0019585441625409317,1419.887518310547,1432.6540087890626,1392.9960009765625,0.010812969016688536,1617.0,-0.10185525737283552
2023-12-04,1378.663330078125,1464.3499755859375,1471.9000244140625,1449.300048828125,1460.449951171875,5511948,0.008297133066638374,1424.5975158691406,1432.1050073242188,1392.3652508544922,0.01069961395418514,1617.0,-0.09440323093015612
2023-12-05,1368.8719482421875,1453.949951171875,1466.9000244140625,1442.0,1465.800048828125,5123039,-0.007102144014378142,1427.842510986328,1431.3790063476563,1391.5500006103516,0.010649709874716385,1617.0,-0.10083490960304575
2023-12-06,1388.0311279296875,1474.300048828125,1477.0,1451.050048828125,1456.75,5269178,0.013996422393939945,1431.392510986328,1430.8300073242187,1390.8787506103515,0.010827309736510684,1617.0,-0.08824981519596475
2023-12-07,1380.1226806640625,1465.9000244140625,1472.8499755859375,1461.800048828125,1472.8499755859375,4424453,-0.005697635580178773,1434.472509765625,1430.2250073242187,1390.3710009765625,0.010977653306179176,1617.0,-0.09344463548913884
2023-12-08,1403.8951416015625,1491.1500244140625,1494.699951171875,1466.25,1470.4000244140625,6323433,0.01722491273584148,1439.4800109863281,1430.5650073242186,1389.8605010986328,0.011105413368025957,1617.0,-0.07782929844523034
2023-12-11,1401.400146484375,1488.5,1498.0,1482.0,1490.0,3862018,-0.001777168206199664,1445.1650085449219,1431.1220068359376,1389.3177508544923,0.010602994093118472,1617.0,-0.07946815089672232
2023-12-12,1389.6787109375,1476.050048828125,1490.0,1467.6500244140625,1477.5,6103494,-0.00836409215443401,1450.5250122070313,1431.3030078125,1388.6890008544922,0.010806968318833224,1617.0,-0.08716756411371362
2023-12-13,1364.2115478515625,1449.0,1476.050048828125,1433.1500244140625,1476.0,8549258,-0.018325969942279863,1454.297509765625,1431.4940087890625,1388.0150006103515,0.011890210186305249,1617.0,-0.10389610389610393
2023-12-14,1413.5924072265625,1501.449951171875,1511.0,1461.3499755859375,1463.4000244140625,12489858,0.03619734380391648,1458.8450073242188,1432.8140087890624,1387.5600006103516,0.013012960376627506,1617.0,-0.07145952308480208
2023-12-15,1486.0396728515625,1578.4000244140625,1588.550048828125,1521.0,1523.050048828125,18395389,0.05125050833837541,1465.5200073242188,1435.7020092773437,1387.554500732422,0.016288110993858775,1617.0,-0.023871351630140647
2023-12-18,1472.811767578125,1564.3499755859375,1593.0,1560.300048828125,1567.949951171875,6467243,-0.008901449956160934,1471.8600036621094,1438.1020092773438,1387.5672503662108,0.01642864772633795,1617.0,-0.03256031194438003
2023-12-19,1467.115966796875,1558.300048828125,1573.949951171875,1543.25,1570.0999755859375,4221721,-0.0038673742143578993,1477.9450073242188,1439.9990112304688,1387.6052508544922,0.01649574578778298,1617.0,-0.03630176324791279
2023-12-20,1446.497314453125,1536.4000244140625,1583.5,1530.0,1565.050048828125,6592367,-0.014053791778118607,1482.815008544922,1441.1530126953126,1387.5340008544922,0.016990015359249423,1617.0,-0.04984537760416663
2023-12-21,1446.1207275390625,1536.0,1546.6500244140625,1521.25,1521.25,5319038,-0.00026036475377888557,1486.7250061035156,1442.364013671875,1387.6675006103515,0.0168523900712604,1617.0,-0.05009276437847865
2023-12-22,1471.4466552734375,1562.9000244140625,1566.0,1523.0,1534.949951171875,6741060,0.017513036727905273,1492.4075073242188,1443.719013671875,1388.0442504882812,0.017033299960502585,1617.0,-0.03345700407293595
2023-12-26,1453.6055908203125,1543.949951171875,1548.0,1523.0,1535.0,6878067,-0.012124942700216468,1497.7350036621094,1444.7100122070312,1388.28375,0.01720288254330507,1617.0,-0.045176282515847266
2023-12-27,1475.40087890625,1567.0999755859375,1570.0,1544.0,1544.0,4225849,0.014994025160266045,1503.9550048828125,1446.74201171875,1388.7584997558595,0.017386558991760954,1617.0,-0.030859631672271126
2023-12-28,1471.2113037109375,1562.6500244140625,1568.949951171875,1555.0,1568.949951171875,5702253,-0.002839608985515496,1509.1075073242187,1449.37201171875,1389.175249633789,0.017363817396500284,1617.0,-0.033611611370400474
2023-12-29,1452.616943359375,1542.9000244140625,1559.449951171875,1540.0,1541.050048828125,4388990,-0.01263878647901695,1513.4950073242187,1451.54701171875,1389.3525,0.017685291501813836,1617.0,-0.04582558787009117
2024-01-01,1460.5726318359375,1551.3499755859375,1557.0,1535.25,1539.0,2808451,0.00547666798766433,1518.4475036621093,1453.7250122070313,1389.6457501220702,0.01765196092343938,1617.0,-0.04059989141253095
2024-01-02,1444.6142578125,1534.4000244140625,1549.1500244140625,1523.0,1546.0,5396313,-0.010925936402888747,1521.9500061035155,1455.60201171875,1389.9157501220702,0.017895799257945638,1617.0,-0.051082235983882174
2024-01-03,1402.8123779296875,1490.0,1519.949951171875,1488.0,1519.949951171875,7550363,-0.028936407525812835,1523.752508544922,1456.7290112304688,1390.0079998779297,0.01913476936117833,1617.0,-0.07854050711193572
2024-01-04,1424.1842041015625,1512.699951171875,1519.75,1492.9000244140625,1504.949951171875,7056038,0.015234866558305304,1525.6725036621094,1458.4380102539062,1390.3959997558593,0.019179639789118116,1617.0,-0.06450219469890228
2024-01-05,1442.8726806640625,1532.550048828125,1539.699951171875,1506.25,1506.75,8895403,0.013122296752156482,1529.0050048828125,1460.9160107421876,1390.95875,0.019271498877859238,1617.0,-0.052226314886750114
2024-01-08,1433.693115234375,1522.800048828125,1536.0,1513.25,1528.949951171875,4440136,-0.006361945573950645,1530.5875061035156,1463.9710107421874,1391.4745001220704,0.01903679829561775,1617.0,-0.05825599948786331
2024-01-09,1439.812744140625,1529.300048828125,1553.0,1525.8499755859375,1541.9000244140625,4412074,0.0042684527131464645,1532.627508544922,1467.3680126953125,1392.1005004882813,0.019034691423175897,1617.0,-0.054236209753787845
2024-01-10,1430.9627685546875,1519.9000244140625,1535.449951171875,1505.0,1524.949951171875,4096845,-0.006146618788945735,1534.8200073242188,1470.159013671875,1392.5965008544922,0.018980451779919437,1617.0,-0.0600494592368197
2024-01-11,1406.7667236328125,1494.199951171875,1525.0,1486.5999755859375,1524.9000244140625,11296088,-0.016909055088735303,1537.0800048828125,1472.50201171875,1393.0492504882814,0.018904522440250503,1617.0,-0.0759431347112709
2024-01-12,1518.3797607421875,1612.75,1618.0,1555.4000244140625,1562.0,26754401,0.07934015038291786,1542.6450073242188,1477.3890112304687,1394.159500732422,0.024639193534855264,1617.0,-0.0026283240568955035
2024-01-15,1555.427001953125,1652.0999755859375,1664.949951171875,1636.0,1644.949951171875,13228305,0.02439930279704705,1546.3300048828125,1483.3480102539063,1395.4737506103515,0.022565403384756186,1652.0999755859375,0.0
2024-01-16,1536.0797119140625,1631.550048828125,1648.5,1625.0,1644.800048828125,6500917,-0.012438670214569902,1549.690008544922,1488.5760107421875,1396.7587506103516,0.02267322984835022,1652.0999755859375,-0.012438670214569902
2024-01-17,1544.223388671875,1640.199951171875,1647.5,1620.25,1620.25,9209876,0.0053016469522113585,1553.7850036621094,1493.5990087890625,1398.0565002441406,0.022633727117566647,1652.0999755859375,-0.007202968700391166
2024-01-18,1546.48291015625,1642.5999755859375,1649.0,1628.25,1642.6500244140625,6375464,0.0014632511190770803,1559.0950012207031,1498.3850073242188,1399.324750366211,0.022288894938222246,1652.0999755859375,-0.00575025733332557
2024-01-19,1562.111572265625,1659.199951171875,1665.5,1644.1500244140625,1651.5999755859375,4522736,0.01010591491091195,1565.2549987792968,1503.4830053710937,1400.7327502441406,0.022315488182374416,1659.199951171875,0.0
2024-01-23,1546.059326171875,1642.1500244140625,1674.699951171875,1637.699951171875,1650.0999755859375,9401255,-0.010275992803501666,1569.2174987792969,1508.506005859375,1402.0257501220703,0.022301171673935246,1659.199951171875,-0.010275992803501666
2024-01-24,1577.36376953125,1675.4000244140625,1680.0,1645.0,1659.9000244140625,8999681,0.020247845510865448,1575.7900024414062,1514.5180053710938,1403.2630004882812,0.022342901126720292,1675.4000244140625,0.0
2024-01-25,1571.432373046875,1669.0999755859375,1680.550048828125,1658.0,1672.949951171875,8865304,-0.0037603251380686764,1580.8900024414063,1520.5230053710939,1404.5542504882812,0.02226493892502929,1675.4000244140625,-0.0037603251380686764
2024-01-29,1559.663818359375,1656.5999755859375,1679.3499755859375,1647.5999755859375,1665.1500244140625,4253785,-0.0074890660732361836,1585.5875,1526.18400390625,1405.7195001220703,0.022357447671062486,1675.4000244140625,-0.011221229887888984
2024-01-30,1554.8150634765625,1651.449951171875,1690.0,1648.25,1662.449951171875,4995943,-0.0031087917964268685,1591.0149963378906,1531.0030029296875,1406.8672497558593,0.022103257169489087,1675.4000244140625,-0.014295137216894571
2024-01-31,1563.7122802734375,1660.9000244140625,1667.25,1638.0999755859375,1648.25,6763779,0.005722288607948212,1596.492498779297,1535.3230029296874,1408.03375,0.02210440520356453,1675.4000244140625,-0.008654649509791557
2024-02-01,1560.087646484375,1657.050048828125,1677.0,1650.3499755859375,1659.550048828125,5760011,-0.002318005617042318,1602.625,1539.7130029296875,1409.2882501220704,0.02188855812922543,1675.4000244140625,-0.010952593600656702
2024-02-02,1594.2633056640625,1693.3499755859375,1718.5,1665.0,1666.050048828125,7858483,0.02190635508172134,1612.792498779297,1544.8480029296875,1410.6134997558593,0.02077729406048208,1693.3499755859375,0.0
2024-02-05,1588.4732666015625,1687.199951171875,1700.75,1681.8499755859375,1694.75,3634135,-0.00363186848715924,1621.5174987792968,1549.812001953125,1412.1034997558593,0.020793633779499297,1693.3499755859375,-0.00363186848715924
2024-02-06,1628.2508544921875,1729.449951171875,1733.0,1673.949951171875,1686.75,7694265,0.025041489581987264,1631.3624938964845,1555.245,1414.4592492675781,0.021185520297507636,1729.449951171875,0.0
2024-02-07,1594.639892578125,1693.75,1729.0,1686.8499755859375,1729.0,4613877,-0.020642373112725654,1639.9099914550782,1560.135,1416.6312493896485,0.021863391728681503,1729.449951171875,-0.020642373112725654
2024-02-08,1593.0865478515625,1692.0999755859375,1706.3499755859375,1682.800048828125,1698.0,5919715,-0.000974184155904112,1648.0499877929688,1565.2289990234376,1418.9307495117187,0.02191099005757753,1729.449951171875,-0.021596447795803053
2024-02-09,1571.6678466796875,1669.3499755859375,1692.9000244140625,1659.800048828125,1684.699951171875,4600004,-0.013444832059714584,1655.5224853515624,1569.7619995117188,1421.1604992675782,0.022170745312266038,1729.449951171875,-0.034750919241816614
2024-02-12,1581.7886962890625,1680.0999755859375,1692.949951171875,1670.3499755859375,1670.3499755859375,3555808,0.006439632286349584,1664.8174865722656,1574.1719995117187,1423.424249267578,0.021566940084354076,1729.449951171875,-0.02853507009699696
2024-02-13,1585.9783935546875,1684.550048828125,1689.0999755859375,1663.5,1683.0,2696481,0.0026486954983946376,1668.407489013672,1578.76,1425.715499267578,0.012958124250250528,1729.449951171875,-0.025961955310314644
2024-02-14,1568.7021484375,1666.199951171875,1669.449951171875,1635.5,1660.199951171875,3768579,-0.010893174512099257,1669.1124877929688,1583.037998046875,1427.9219989013673,0.012163142970654928,1729.449951171875,-0.03657232171254321
2024-02-15,1578.2581787109375,1676.3499755859375,1687.75,1661.5999755859375,1677.0,4834391,0.006091720508648368,1671.3524841308595,1587.277998046875,1430.1659985351562,0.011827207443812883,1729.449951171875,-0.030703389566120176
2024-02-16,1602.0777587890625,1701.6500244140625,1709.0,1687.949951171875,1689.0,4880654,0.015092343005094655,1674.4249877929688,1592.2319995117186,1432.4429986572266,0.012193218957864776,1729.449951171875,-0.016074432647776415
2024-02-19,1600.2886962890625,1699.75,1711.5,1687.699951171875,1705.0,3690993,-0.001116577666854135,1677.282489013672,1596.7409985351562,1434.6779986572265,0.01221183720848942,1729.449951171875,-0.017173061962128644
2024-02-20,1586.6373291015625,1685.25,1694.25,1668.75,1685.0,3706389,-0.008530666274452092,1678.5849914550781,1601.127998046875,1436.716998901367,0.01225421484631989,1729.449951171875,-0.0255572305760714
2024-02-21,1558.67529296875,1655.550048828125,1674.0,1645.300048828125,1674.0,4300508,-0.01762346902351286,1679.2549926757813,1604.4159985351562,1438.6489990234375,0.012707095480619005,1729.449951171875,-0.04273029253820004
2024-02-22,1582.965576171875,1681.3499755859375,1684.5999755859375,1644.4000244140625,1665.0,5841277,0.01558390021254552,1679.552490234375,1608.272998046875,1440.6879986572267,0.012363431441307698,1729.449951171875,-0.027812296940622594
2024-02-23,1578.728759765625,1676.8499755859375,1698.449951171875,1671.9000244140625,1697.0,5373072,-0.0026764207722023148,1679.939990234375,1612.2889965820314,1442.7767486572266,0.012347293631330797,1729.449951171875,-0.030414280303570407
2024-02-26,1563.006103515625,1660.1500244140625,1674.949951171875,1645.0,1674.949951171875,2782438,-0.009959120622010098,1680.1174926757812,1616.5119970703124,1444.7494989013671,0.012441339210703338,1729.449951171875,-0.040070501439405604
2024-02-27,1566.254150390625,1663.5999755859375,1671.0999755859375,1652.800048828125,1661.0,5159088,0.0020780960281541194,1680.7249938964844,1619.7549975585937,1446.7139990234375,0.012423215391253994,1729.449951171875,-0.03807567576113868
2024-02-28,1573.45654296875,1671.25,1687.800048828125,1662.050048828125,1670.0,3188916,0.004598475911474997,1681.2424926757812,1621.6119970703126,1448.7539990234375,0.012400585385486176,1729.449951171875,-0.033652289927464385
2024-02-29,1575.951416015625,1673.9000244140625,1682.25,1653.300048828125,1665.0,7814722,0.0015856540996634916,1682.0849914550781,1623.802998046875,1450.842999267578,0.012386539697551173,1729.449951171875,-0.03211999671928745
2024-03-01,1557.875,1654.699951171875,1671.949951171875,1651.0,1669.0,6387291,-0.011470262836580258,1680.152490234375,1625.73099609375,1452.8904992675782,0.011584264663055508,1729.449951171875,-0.04322183475118746
2024-03-04,1541.3990478515625,1637.199951171875,1664.449951171875,1633.6500244140625,1657.8499755859375,4445156,-0.010575935526925151,1677.652490234375,1627.7469946289064,1454.7847491455077,0.011767075831222282,1729.449951171875,-0.05334065894042872
2024-03-05,1512.495361328125,1606.5,1637.3499755859375,1602.0,1634.0,4596579,-0.01875149773239404,1671.5049926757813,1629.1569946289062,1456.4957489013673,0.010596863579261095,1729.449951171875,-0.07109193942765679
2024-03-06,1522.8988037109375,1617.550048828125,1620.1500244140625,1576.0,1602.800048828125,6420684,0.006878337272409052,1667.6949951171875,1630.2499951171876,1458.3489990234375,0.010043449139431912,1729.449951171875,-0.06470259649198096
2024-03-07,1521.8631591796875,1616.449951171875,1628.449951171875,1604.199951171875,1616.5999755859375,6348359,-0.0006801011548588365,1663.9124938964844,1631.6999951171874,1460.201248779297,0.010045631836682393,1729.449951171875,-0.0653386933362432
2024-03-11,1506.940673828125,1600.5999755859375,1613.800048828125,1588.0,1608.1500244140625,6752895,-0.009805423034871419,1660.4749938964844,1632.3699951171875,1461.8597485351563,0.00986321592349373,1729.449951171875,-0.07450344284240706
2024-03-12,1518.56787109375,1612.949951171875,1625.0,1597.6500244140625,1600.0,4614222,0.007715841418413527,1657.1174926757812,1633.3759936523438,1463.460498046875,0.009924994643062944,1729.449951171875,-0.06736245817409148
2024-03-13,1517.108642578125,1611.4000244140625,1624.5,1598.550048828125,1612.9000244140625,5688997,-0.0009609267520584996,1653.4599914550781,1634.7459936523437,1465.0172479248047,0.009868854308589541,1729.449951171875,-0.06825865453800606
2024-03-14,1556.5570068359375,1653.300048828125,1657.75,1608.0,1614.4000244140625,8803799,0.026002248839048114,1652.8149963378905,1636.7849951171875,1466.790498046875,0.011470971386609094,1729.449951171875,-0.04403128421967395
2024-03-15,1538.3863525390625,1634.0,1645.800048828125,1618.3499755859375,1641.0999755859375,11809997,-0.011673651641034621,1650.6974975585938,1638.7769946289063,1468.4387481689453,0.011634511779857628,1729.449951171875,-0.05519092998742059
2024-03-18,1508.8707275390625,1602.6500244140625,1632.6500244140625,1598.8499755859375,1630.0,4958904,-0.019186031570341155,1645.7474975585938,1641.0299951171876,1469.8647485351562,0.01163070071882384,1729.449951171875,-0.07331806663262663
2024-03-19,1470.0814208984375,1561.449951171875,1599.0,1558.0,1592.3499755859375,6870411,-0.02570746739123564,1638.8324951171876,1642.0049951171875,1471.0999981689454,0.012681440140950144,1729.449951171875,-0.09714071221671561
2024-03-20,1463.9617919921875,1554.949951171875,1574.949951171875,1552.3499755859375,1563.0,4759059,-0.004162797530027573,1632.3174926757813,1642.4529931640625,1472.255498046875,0.012639713449947677,1729.449951171875,-0.10089913262986239
2024-03-21,1463.7264404296875,1554.699951171875,1576.949951171875,1543.4000244140625,1564.0,11062497,-0.00016077687890314607,1627.2749877929687,1643.0909912109375,1473.4374975585938,0.012241573232193534,1729.449951171875,-0.10104368726113722
2024-03-22,1420.559326171875,1508.8499755859375,1528.9000244140625,1498.199951171875,1521.0,14673890,-0.02949120539392669,1618.6499877929687,1642.6819897460937,1474.3842474365235,0.012765321457138011,1729.449951171875,-0.12755499252028601
2024-03-26,1405.307373046875,1492.6500244140625,1507.449951171875,1487.9000244140625,1492.0,8351081,-0.010736621555488934,1609.439990234375,1642.1369897460938,1475.3524975585938,0.012804636808635052,1729.449951171875,-0.13692210439357144
2024-03-27,1397.0223388671875,1483.8499755859375,1499.0,1481.550048828125,1496.0,6857402,-0.005895587501550725,1600.6249877929688,1641.929990234375,1476.2492474365235,0.012766066228803837,1729.449951171875,-0.14201045564777348
2024-03-28,1410.391357421875,1498.050048828125,1511.800048828125,1487.1500244140625,1487.1500244140625,12499530,0.00956974995843507,1592.3474914550782,1639.6359912109374,1477.344497680664,0.013106124449911974,1729.449951171875,-0.13379971024137094
2024-04-01,1407.943603515625,1495.449951171875,1529.949951171875,1492.800048828125,1525.0,6580002,-0.0017356547321526472,1583.5574890136718,1636.5029907226562,1478.376997680664,0.01293367017882738,1729.449951171875,-0.1353031348732825
2024-04-02,1396.080810546875,1482.8499755859375,1493.1500244140625,1480.8499755859375,1484.8499755859375,7279400,-0.00842554147403185,1574.0049865722656,1633.5289892578126,1479.3772473144531,0.012839938714216547,1729.449951171875,-0.1425886741728729
2024-04-03,1394.0096435546875,1480.6500244140625,1495.0999755859375,1475.0,1479.0,8736248,-0.0014835965931117023,1565.302490234375,1630.3379907226563,1480.450747680664,0.012808628357178812,1729.449951171875,-0.14386072669476546
2024-04-04,1399.7054443359375,1486.699951171875,1495.6500244140625,1468.0,1490.550048828125,11186915,0.004085993758185191,1557.777490234375,1627.219990234375,1481.424497680664,0.012919712692432622,1729.449951171875,-0.14036254696790307
2024-04-05,1392.55029296875,1479.0999755859375,1486.699951171875,1476.050048828125,1480.050048828125,5072482,-0.0051119767508883696,1551.407489013672,1623.6179907226563,1482.2957476806641,0.012493595516744609,1729.449951171875,-0.144756993641996
2024-04-08,1390.2906494140625,1476.699951171875,1490.949951171875,1474.0999755859375,1483.0,6610887,-0.001622624875719958,1544.3649841308593,1620.3089892578125,1483.177247314453,0.012244415524754694,1729.449951171875,-0.146144732218898
2024-04-09,1407.3785400390625,1494.8499755859375,1513.800048828125,1487.300048828125,1490.0,9423230,0.012290935880142184,1538.2849853515625,1616.69798828125,1484.2174969482421,0.012787385996957173,1729.449951171875,-0.135650051871679
2024-04-10,1418.6292724609375,1506.800048828125,1509.8499755859375,1484.550048828125,1500.3499755859375,6744595,0.007994162248625258,1533.594989013672,1613.4519897460937,1485.2932470703124,0.012967377589942396,1729.449951171875,-0.12874029814675036
2024-04-12,1397.8697509765625,1484.75,1506.800048828125,1479.5,1504.0,12275616,-0.014633692668960196,1527.184991455078,1610.014990234375,1486.2469970703125,0.012964239573573557,1729.449951171875,-0.14149004485852068
2024-04-15,1382.240966796875,1468.1500244140625,1491.949951171875,1461.050048828125,1480.0,8531224,-0.011180316946245106,1520.0224914550781,1606.3489916992187,1487.0707470703126,0.013037173258498609,1729.449951171875,-0.15108845825850914
2024-04-16,1331.68310546875,1414.449951171875,1455.1500244140625,1413.050048828125,1451.0,16173541,-0.03657669335503988,1508.0799865722656,1601.419990234375,1487.6462469482422,0.012823083431082878,1729.449951171875,-0.1821388354063418
2024-04-18,1336.202392578125,1419.25,1444.699951171875,1407.5,1421.0999755859375,22107945,0.0033935798323214694,1497.3424865722657,1596.6639892578125,1488.3347467041015,0.013017980434948723,1729.449951171875,-0.1793633582525378
2024-04-19,1328.6705322265625,1411.25,1426.8499755859375,1378.75,1385.0,20603621,-0.005636779989431018,1487.7724853515624,1591.0219897460938,1489.0659967041015,0.012695648162645533,1729.449951171875,-0.18398910645333377
2024-04-22,1348.912353515625,1432.75,1436.8499755859375,1413.050048828125,1419.9000244140625,5859087,0.015234720992028272,1481.3374877929687,1585.9329907226563,1489.877996826172,0.012695888786874396,1729.449951171875,-0.17155740816369458
2024-04-23,1357.9976806640625,1442.4000244140625,1446.8499755859375,1433.0,1443.0,4856174,0.006735316289696369,1475.7099914550781,1580.1919921875,1490.6942468261718,0.012929928275066827,1729.449951171875,-0.1659775852798212
2024-04-24,1347.029541015625,1430.75,1444.300048828125,1427.050048828125,1444.300048828125,4268213,-0.008076833206374201,1469.5124938964843,1574.9319921875,1491.3812469482423,0.012938032049914778,1729.449951171875,-0.17271384521389355
2024-04-25,1354.27880859375,1438.449951171875,1444.9000244140625,1420.0,1420.0,9089398,0.005381758638388856,1465.9924926757812,1569.8589916992187,1491.8959967041017,0.011613089796044904,1729.449951171875,-0.16826159080395386
2024-04-26,1346.55859375,1430.25,1445.4000244140625,1427.0,1439.699951171875,8062444,-0.005700546734486389,1462.872491455078,1565.0769921875,1492.3787469482422,0.011474797718936822,1729.449951171875,-0.17300295447644332
2024-04-29,1350.79541015625,1434.75,1439.800048828125,1428.25,1429.949951171875,5055957,0.0031463030938647663,1460.4174926757812,1560.1699926757813,1492.826746826172,0.011494231546139601,1729.449951171875,-0.17040097111349561
2024-04-30,1337.4263916015625,1420.550048828125,1436.550048828125,1417.550048828125,1434.699951171875,6936588,-0.009897160600714439,1456.5424926757812,1554.8899926757813,1493.1929968261718,0.01131993264089226,1729.449951171875,-0.17861164593658208
2024-05-02,1331.68310546875,1414.449951171875,1424.0,1411.8499755859375,1413.0,10076354,-0.004294180033489359,1452.4924926757812,1549.8549926757812,1493.545746459961,0.011324214565826477,1729.449951171875,-0.1821388354063418
2024-05-03,1333.425048828125,1416.300048828125,1424.800048828125,1403.199951171875,1422.0999755859375,8842345,0.0013079979639556427,1449.1649963378907,1544.653994140625,1493.976246948242,0.011275103291554081,1729.449951171875,-0.18106907466825484
2024-05-06,1342.4632568359375,1425.9000244140625,1445.699951171875,1417.0999755859375,1420.0,6445422,0.006778207480738763,1446.4274963378907,1539.138994140625,1494.4599969482422,0.01145390072119438,1729.449951171875,-0.17551819094396293
2024-05-07,1356.632568359375,1440.949951171875,1443.3499755859375,1415.5999755859375,1424.949951171875,6080661,0.01055468581256025,1444.1399963378906,1533.9629931640625,1494.9217468261718,0.011717717413927728,1729.449951171875,-0.16681604449120513
2024-05-08,1343.781494140625,1427.300048828125,1439.75,1425.5999755859375,1435.25,6234983,-0.0094728497215667,1441.55,1528.803994140625,1495.3917468261718,0.011828600714332149,1729.449951171875,-0.17470867089216036
2024-05-09,1355.314453125,1439.550048828125,1449.949951171875,1424.8499755859375,1427.550048828125,6088406,0.008582638254694741,1439.6925048828125,1524.483994140625,1495.7639971923827,0.01205076767466129,1729.449951171875,-0.1676254939596915
2024-05-10,1341.5218505859375,1424.9000244140625,1435.949951171875,1413.0,1435.050048828125,8777481,-0.010176807972733126,1436.1950073242188,1519.3549951171874,1495.7587475585938,0.011770575100446008,1729.449951171875,-0.17609640946906246
2024-05-13,1340.156494140625,1423.449951171875,1425.0,1411.199951171875,1425.0,3735954,-0.001017666655444005,1432.0275024414063,1514.2869946289063,1495.7612475585938,0.011524602513834477,1729.449951171875,-0.17693486868044628
2024-05-14,1341.3333740234375,1424.699951171875,1433.75,1418.050048828125,1426.4000244140625,3463230,0.0008781481912805145,1429.025,1509.5779931640625,1495.5087475585938,0.011202146859472949,1729.449951171875,-0.1762120955240719
2024-05-15,1336.861328125,1419.949951171875,1431.800048828125,1418.550048828125,1426.0,4327544,-0.003334035349754072,1426.6149963378907,1504.7049926757813,1495.2337475585937,0.010999343610769322,1729.449951171875,-0.17895863351829455
2024-05-16,1368.306884765625,1453.3499755859375,1455.75,1427.0,1433.949951171875,9249145,0.02352197300087777,1428.5599975585938,1500.3469921875,1495.2529974365234,0.00896490426469037,1729.449951171875,-0.15964612066330808
2024-05-17,1359.7864990234375,1444.300048828125,1457.0,1439.25,1457.0,7542860,-0.006226942518895995,1429.8125,1495.7549926757813,1495.8164978027344,0.0091089914307435,1729.449951171875,-0.16487895596546898
2024-05-21,1350.2305908203125,1434.1500244140625,1444.699951171875,1428.4000244140625,1430.0,6752663,-0.007027642505653908,1430.957501220703,1491.343994140625,1496.304248046875,0.00916676525745951,1729.449951171875,-0.170747888111892
2024-05-22,1369.67236328125,1454.800048828125,1459.949951171875,1428.0,1428.75,7173285,0.014398789570497783,1432.0600036621095,1487.69599609375,1496.905248413086,0.009099358216597443,1729.449951171875,-0.15880766145192426
2024-05-23,1386.2423095703125,1472.4000244140625,1478.1500244140625,1450.0,1454.699951171875,8641428,0.012097865682720199,1433.5600036621095,1485.0139965820313,1497.5229986572265,0.009358675199358634,1729.449951171875,-0.14863102952683627
2024-05-24,1379.369384765625,1465.0999755859375,1475.5,1460.0,1468.25,5277938,-0.004957924957268323,1435.2775024414063,1481.9649951171875,1498.082748413086,0.009223222344337128,1729.449951171875,-0.152852052993389
2024-05-27,1385.2537841796875,1471.3499755859375,1479.5999755859375,1460.25,1471.8499755859375,5821844,0.004265920486074881,1436.9225036621094,1479.0629956054688,1498.7369982910157,0.009200113937486541,1729.449951171875,-0.14923818721151716
2024-05-28,1381.205322265625,1467.050048828125,1476.0,1460.300048828125,1475.5,6186922,-0.0029224364217630416,1438.7625061035155,1476.3919970703125,1499.293748779297,0.009111444866902808,1729.449951171875,-0.15172448451945542
2024-05-29,1366.0474853515625,1450.949951171875,1465.5,1450.0,1465.4000244140625,7401634,-0.010974470618170584,1439.5725036621093,1473.1519970703125,1499.722498779297,0.009500480362885198,1729.449951171875,-0.16103385924021008
2024-05-30,1343.922607421875,1427.449951171875,1449.8499755859375,1421.550048828125,1442.800048828125,9663150,-0.016196285737505978,1439.917498779297,1469.4729956054687,1500.0754986572265,0.00996022955182813,1729.449951171875,-0.17462199458004835
2024-05-31,1351.076904296875,1406.9000244140625,1436.75,1400.0,1409.800048828125,37113815,-0.014396250278997047,1439.5400024414062,1464.5449951171875,1500.2884985351564,0.010449051233623061,1729.449951171875,-0.18650434292085338
2024-06-03,1350.11669921875,1405.9000244140625,1440.0,1404.0,1440.0,10589244,-0.0007107825592770345,1439.020001220703,1459.9829956054687,1500.4262487792969,0.010443305124222707,1729.449951171875,-0.18708256144595292
2024-06-04,1338.3526611328125,1393.6500244140625,1415.0,1358.3499755859375,1409.0,13736134,-0.008713279598316692,1437.4075012207031,1455.8029956054688,1500.4294989013672,0.010463853704542423,1729.449951171875,-0.19416573837842177
2024-06-05,1373.3563232421875,1430.0999755859375,1438.0,1400.1500244140625,1400.1500244140625,9233424,0.026154307418176703,1436.8650024414062,1453.17599609375,1500.6289990234375,0.011865210741814904,1729.449951171875,-0.1730897013718714
2024-06-06,1413.8341064453125,1472.25,1474.300048828125,1437.5,1444.949951171875,12660930,0.02947348096890412,1439.1125,1451.5219970703124,1501.018248901367,0.013381539503116933,1729.449951171875,-0.14871777642226436
2024-06-07,1472.7496337890625,1533.5999755859375,1539.699951171875,1477.25,1481.0,24075302,0.04167089528676349,1443.8149963378905,1451.0999975585937,1501.7407489013672,0.016062454501361,1729.449951171875,-0.11324408402407338
2024-06-10,1440.242919921875,1499.75,1529.800048828125,1497.300048828125,1525.300048828125,6810606,-0.022072232736574326,1447.5574951171875,1450.917998046875,1502.3802490234375,0.016791080775030876,1729.449951171875,-0.13281676698202827
2024-06-11,1436.4014892578125,1495.75,1506.449951171875,1493.949951171875,1500.050048828125,4853054,-0.0026671111851975793,1451.1724975585937,1450.9799975585938,1502.8912487792968,0.016814313565670275,1729.449951171875,-0.1351296410824262
2024-06-12,1426.2701416015625,1485.199951171875,1508.75,1482.75,1507.0,9564320,-0.007053350378154799,1454.1974975585938,1451.0069970703125,1503.2247485351563,0.016950370953356095,1729.449951171875,-0.14122987475555238
2024-06-13,1434.6729736328125,1493.949951171875,1505.0,1489.3499755859375,1495.0,7307565,0.0058914626229928935,1457.8974975585938,1450.9249951171876,1503.636748046875,0.01691686701246988,1729.449951171875,-0.1361704626609317
2024-06-14,1429.8233642578125,1488.9000244140625,1503.699951171875,1486.050048828125,1503.699951171875,4237727,-0.0033802516301508767,1459.675,1450.7939965820312,1504.1372479248048,0.016227756142348525,1729.449951171875,-0.13909042386269455
2024-06-18,1438.7542724609375,1498.199951171875,1507.0,1495.4000244140625,1497.0,5420939,0.006246172748551215,1462.3699951171875,1451.10099609375,1504.6012475585937,0.016161482322465674,1729.449951171875,-0.13371303392925882
2024-06-19,1451.382568359375,1511.3499755859375,1515.6500244140625,1496.699951171875,1505.0,5493456,0.00877721588748992,1466.2299926757812,1451.7149951171875,1505.1392474365234,0.01608529782244712,1729.449951171875,-0.12610944620753728
2024-06-20,1455.2718505859375,1515.4000244140625,1517.5,1499.0999755859375,1516.300048828125,7927010,0.0026797557769866476,1469.259991455078,1452.2889965820314,1505.6764978027343,0.01585022523889918,1729.449951171875,-0.12376763294755788
2024-06-21,1471.885498046875,1532.699951171875,1557.75,1523.699951171875,1545.0,17301941,0.01141607923921062,1472.2749877929687,1453.36099609375,1506.2219976806641,0.015828446436370092,1729.449951171875,-0.11376449481332618
2024-06-24,1466.5556640625,1527.1500244140625,1529.0999755859375,1515.4000244140625,1524.550048828125,5564989,-0.00362101320194419,1475.377490234375,1454.3699975585937,1506.7572479248047,0.01579975009351435,1729.449951171875,-0.1169735652776388
2024-06-25,1480.7684326171875,1541.949951171875,1543.9000244140625,1520.3499755859375,1526.0,4551525,0.009691206837056487,1478.907489013672,1455.3119970703126,1507.3887475585936,0.01588355675945439,1729.449951171875,-0.10841597345615583
2024-06-26,1479.56787109375,1540.699951171875,1548.8499755859375,1535.0,1541.0,4851004,-0.0008106618499841289,1482.5899841308594,1455.9899951171874,1508.0039971923827,0.015852849811124888,1729.449951171875,-0.1091387466125302
2024-06-27,1510.9224853515625,1573.3499755859375,1578.4000244140625,1532.050048828125,1538.449951171875,14757754,0.021191682643481924,1488.7099853515624,1457.7619946289062,1508.694996948242,0.01603697977418669,1729.449951171875,-0.09025989765136844
2024-06-28,1504.5843505859375,1566.75,1588.5,1564.25,1572.550048828125,8197544,-0.004194855364890837,1495.6749877929688,1459.733994140625,1509.3514971923828,0.015448195102318771,1729.449951171875,-0.09407612580036184
2024-07-01,1527.6802978515625,1590.800048828125,1599.9000244140625,1559.5,1559.5,6801771,0.015350278492500369,1504.8699890136718,1463.26099609375,1510.0862475585936,0.014928124658698354,1729.449951171875,-0.08016994203839256
2024-07-02,1556.72998046875,1621.050048828125,1633.800048828125,1586.5,1596.199951171875,10493173,0.019015589056766702,1515.627490234375,1467.2969970703125,1510.8659979248048,0.015093657126951281,1729.449951171875,-0.06267883165413268
2024-07-03,1562.8280029296875,1627.4000244140625,1636.0,1606.0,1625.0,7269965,0.003917198972683167,1527.314990234375,1471.6199975585937,1511.6084979248046,0.01464815191464089,1729.449951171875,-0.059007158136414106
2024-07-04,1585.155517578125,1650.6500244140625,1660.0,1628.0,1628.199951171875,8008311,0.014286591895788625,1538.3424926757812,1475.977998046875,1512.4744982910156,0.014099161465259597,1729.449951171875,-0.04556357742785078
2024-07-05,1582.0823974609375,1647.449951171875,1665.8499755859375,1633.3499755859375,1651.449951171875,7065022,-0.0019386745796241556,1547.102490234375,1480.0789965820313,1513.3807482910156,0.013220183349592804,1729.449951171875,-0.04741391905815884
2024-07-08,1595.718994140625,1661.6500244140625,1666.0,1640.0,1643.0999755859375,5880533,0.008619426181709855,1553.5049926757813,1484.6969970703126,1514.3409985351564,0.010213505600472175,1729.449951171875,-0.039203173651756296
2024-07-09,1591.3975830078125,1657.1500244140625,1666.75,1651.0,1659.9000244140625,5191182,-0.002708151496333744,1561.3749938964843,1489.0709985351561,1515.2444989013673,0.008353645003041081,1729.449951171875,-0.04180515701470411
2024-07-10,1582.8507080078125,1648.25,1674.0,1637.550048828125,1657.0,9852770,-0.005370681159184376,1568.9999938964843,1493.4309985351563,1515.9802490234374,0.008505344615669106,1729.449951171875,-0.046951316004752774
2024-07-11,1587.1240234375,1652.699951171875,1665.0,1642.050048828125,1656.0,8857679,0.002699803532155265,1577.3749938964843,1497.7899975585938,1516.7519989013672,0.008051394241822349,1729.449951171875,-0.044378271801386426
2024-07-12,1643.8310546875,1711.75,1719.75,1666.6500244140625,1680.0,17078316,0.035729443076618184,1588.2649963378906,1503.6139965820312,1517.7759991455077,0.010531941195586052,1729.449951171875,-0.010234439660934735
2024-07-15,1639.317626953125,1707.050048828125,1728.0,1702.6500244140625,1726.199951171875,6942230,-0.002745699530816381,1599.1724975585937,1509.4659985351564,1518.7532495117186,0.010500314182530371,1729.449951171875,-0.012952038495575913
2024-07-16,1657.5638427734375,1726.050048828125,1737.9000244140625,1700.0,1718.5999755859375,6886281,0.011130312209090443,1610.5650024414062,1515.6609985351563,1519.9244995117188,0.010540742984173698,1729.449951171875,-0.0019658865186854557
2024-07-18,1688.2940673828125,1758.050048828125,1765.4000244140625,1719.0,1719.0,11248896,0.018539439236843647,1622.9000061035156,1522.3039990234374,1521.2634997558594,0.010841519409499487,1758.050048828125,0.0
2024-07-19,1721.8092041015625,1792.949951171875,1844.0,1786.449951171875,1844.0,29819116,0.01985148395918168,1636.7775024414063,1529.3439990234374,1522.7194995117188,0.011104463023737316,1792.949951171875,0.0
2024-07-22,1738.9989013671875,1810.8499755859375,1823.0,1792.949951171875,1800.1500244140625,8462126,0.009983560557484061,1650.6850036621095,1537.0149975585937,1524.2929992675781,0.011089289998157122,1810.8499755859375,0.0
2024-07-23,1764.015380859375,1836.9000244140625,1839.949951171875,1783.25,1810.0,7113056,0.014385536725479486,1666.1725036621094,1544.9619970703125,1526.1067492675782,0.010786138993550454,1836.9000244140625,0.0
2024-07-24,1761.1824951171875,1833.949951171875,1842.3499755859375,1819.5999755859375,1837.5,6002845,-0.0016060064254876938,1680.7725036621093,1553.1429956054687,1527.9732489013672,0.011058660095421616,1836.9000244140625,-0.0016060064254876938
2024-07-25,1752.4434814453125,1824.8499755859375,1830.9000244140625,1812.0,1820.0,5815599,-0.004961954158085202,1694.9800048828124,1561.17099609375,1529.762498779297,0.011284526532573346,1836.9000244140625,-0.006559991653312114
2024-07-26,1804.3489990234375,1878.9000244140625,1883.0,1825.3499755859375,1825.3499755859375,11369047,0.02961889993766209,1710.2575073242188,1570.2549975585937,1531.9597491455079,0.011920479592757554,1878.9000244140625,0.0
2024-07-29,1796.8583984375,1871.0999755859375,1903.0,1864.0,1893.5999755859375,4635931,-0.004151391094136314,1725.4750061035156,1579.277998046875,1534.1379992675782,0.011917954959090975,1878.9000244140625,-0.004151391094136314
2024-07-30,1802.6683349609375,1877.1500244140625,1879.949951171875,1860.0,1871.0999755859375,2721265,0.003233418260416787,1739.7925048828124,1587.7539990234375,1536.3537493896483,0.011885133855848743,1878.9000244140625,-0.0009313960174893721
2024-07-31,1794.1214599609375,1868.25,1885.1500244140625,1865.050048828125,1877.0,5004209,-0.004741243000457862,1752.1525024414063,1596.232998046875,1538.4732495117187,0.011952830394027586,1878.9000244140625,-0.0056682230430986635
2024-08-01,1779.0924072265625,1852.5999755859375,1867.9000244140625,1845.0999755859375,1856.0999755859375,7475014,-0.008376836298173429,1763.4125,1604.6019970703126,1540.418999633789,0.01243627052526145,1878.9000244140625,-0.013997577564738517
2024-08-02,1748.9383544921875,1821.199951171875,1859.5,1816.1500244140625,1843.0,7400938,-0.016949165944003308,1771.9399963378905,1611.9299951171874,1542.131499633789,0.013344856683096243,1878.9000244140625,-0.030709496243783052
2024-08-05,1682.38818359375,1751.9000244140625,1797.5,1718.550048828125,1784.949951171875,10736703,-0.03805179475939502,1777.1625,1617.5199951171876,1543.51375,0.01642301811583221,1878.9000244140625,-0.06759273955494527
2024-08-06,1681.6197509765625,1751.0999755859375,1796.949951171875,1744.8499755859375,1760.199951171875,7690163,-0.0004566749340577658,1781.6349975585938,1623.2399951171874,1544.7934997558593,0.016390937490374118,1878.9000244140625,-0.06801854657912398
2024-08-07,1720.5609130859375,1791.6500244140625,1797.9000244140625,1762.0999755859375,1796.0,5094329,0.02315690102991197,1788.3599975585937,1629.64599609375,1546.2797497558595,0.016948309461392332,1878.9000244140625,-0.04643674430054312
2024-08-08,1673.9852294921875,1743.1500244140625,1779.949951171875,1727.0999755859375,1779.949951171875,6227910,-0.02707001888712135,1793.104998779297,1635.1679956054688,1547.6679998779298,0.01822901477712298,1878.9000244140625,-0.07224971964239224
2024-08-09,1700.4901123046875,1770.75,1780.75,1756.0,1771.25,4258524,0.015833390815122028,1799.007501220703,1641.5639965820312,1549.3659997558593,0.018454283328352986,1878.9000244140625,-0.0575602868746512
2024-08-12,1726.082763671875,1797.4000244140625,1803.5,1768.0999755859375,1773.050048828125,4315329,0.01505013379306086,1803.2900024414062,1648.962998046875,1551.1822497558594,0.017089240591765687,1878.9000244140625,-0.04337644310022082
2024-08-13,1726.130615234375,1797.449951171875,1810.0,1789.050048828125,1810.0,4176918,2.7777209933521618e-05,1807.8099975585938,1656.7739965820313,1552.9572497558593,0.017054937305198078,1878.9000244140625,-0.04334987076685348
2024-08-14,1750.9071044921875,1823.25,1825.0,1797.449951171875,1802.0,7450718,0.014353695251043908,1812.6699951171875,1665.12099609375,1554.8707495117187,0.01715352057492608,1878.9000244140625,-0.02961840634996904
2024-08-16,1785.1904296875,1858.949951171875,1861.8499755859375,1829.5,1850.0,7335657,0.01958039279960233,1817.714990234375,1674.4269946289062,1556.9972491455078,0.017205026497906794,1878.9000244140625,-0.010617953580797312
2024-08-19,1790.8084716796875,1864.800048828125,1867.550048828125,1849.199951171875,1860.0,2585989,0.003146990403137151,1821.3074951171875,1683.12099609375,1559.1849993896485,0.016739785862683536,1878.9000244140625,-0.007504377775680027
2024-08-20,1797.914794921875,1872.199951171875,1885.699951171875,1868.199951171875,1880.0,3870333,0.00396820149613375,1824.3749938964843,1691.1199951171875,1561.5027490234374,0.016644458508470693,1878.9000244140625,-0.003565955162663337
2024-08-21,1798.394775390625,1872.699951171875,1879.0,1867.0999755859375,1875.0999755859375,1966902,0.00026706549142208047,1826.164990234375,1697.9019946289063,1564.0159985351563,0.016379858959982358,1878.9000244140625,-0.003299842014809151
2024-08-22,1805.6453857421875,1880.25,1893.6500244140625,1869.699951171875,1884.0,4300287,0.004031638289625938,1828.4799926757812,1705.5119946289062,1566.6199987792968,0.016379465605869645,1880.25,0.0
2024-08-23,1788.2154541015625,1862.0999755859375,1882.5999755859375,1857.0,1878.199951171875,5015935,-0.009652984663774733,1830.3424926757812,1712.838994140625,1569.0287487792968,0.01650807548500107,1880.25,-0.009652984663774733
2024-08-26,1801.7081298828125,1876.1500244140625,1888.75,1864.0,1870.0,3728589,0.0075452709372942905,1830.2049926757813,1720.6579956054688,1571.5242486572265,0.015189110836875595,1880.25,-0.002180548111122227
2024-08-27,1824.7076416015625,1900.0999755859375,1902.75,1873.9000244140625,1876.1500244140625,3830679,0.012765477632501465,1831.6549926757812,1728.78099609375,1574.1827484130858,0.015412959533219153,1900.0999755859375,0.0
2024-08-28,1862.160400390625,1939.0999755859375,1951.0,1897.4000244140625,1906.9000244140625,6514531,0.020525235777645534,1834.752490234375,1737.7849951171875,1577.1074981689453,0.016024597696725262,1939.0999755859375,0.0
2024-08-29,1856.638427734375,1933.3499755859375,1950.5,1920.9000244140625,1933.0,7228284,-0.002965293214581388,1838.0074890136718,1746.4879956054688,1579.9234979248047,0.015991634682636854,1939.0999755859375,-0.002965293214581388
2024-08-30,1866.5777587890625,1943.699951171875,1950.0,1928.0,1938.0,13466759,0.00535338956559106,1842.5624877929688,1755.1349951171876,1582.6967474365235,0.01582394314448331,1943.699951171875,0.0
2024-09-02,1886.552490234375,1964.5,1975.75,1942.800048828125,1943.3499755859375,5573739,0.010701265293331153,1849.727490234375,1764.1169946289062,1585.502747192383,0.015229885516007905,1964.5,0.0
2024-09-03,1864.22509765625,1941.25,1967.0,1936.449951171875,1967.0,4694322,-0.011835072537541347,1859.1949890136718,1772.2879956054687,1588.1874969482421,0.012268967919380452,1964.5,-0.011835072537541347
2024-09-04,1846.1708984375,1922.449951171875,1927.199951171875,1900.050048828125,1921.0999755859375,4778310,-0.009684506801352244,1867.7624877929688,1780.193994140625,1590.8447467041015,0.012660793976534484,1964.5,-0.021404962498409286
2024-09-05,1856.4464111328125,1933.1500244140625,1940.0,1909.5999755859375,1926.25,4081810,0.005565852695236684,1874.8374877929687,1788.0179956054687,1593.6364965820312,0.011903497500382386,1964.5,-0.0159582466713859
2024-09-06,1826.3883056640625,1901.8499755859375,1936.5,1896.8499755859375,1922.0,5848106,-0.01619121559777137,1882.7724853515624,1795.24099609375,1596.3014965820312,0.010591219309590194,1964.5,-0.031891078856738364
2024-09-09,1819.4739990234375,1894.6500244140625,1920.8499755859375,1889.0,1890.0,4772612,-0.003785761897258322,1888.9674865722657,1801.6669970703124,1598.906996459961,0.010384963824767222,1964.5,-0.03555610872279846
2024-09-10,1836.4237060546875,1912.300048828125,1935.0,1896.0,1904.9000244140625,6909600,0.009315717513328492,1894.7124877929687,1808.577998046875,1601.4159967041016,0.010123365534650944,1964.5,-0.026571621874204587
2024-09-11,1834.35888671875,1910.1500244140625,1926.0,1905.0,1914.699951171875,5312946,-0.0011243133186029652,1900.3474914550782,1814.9649975585937,1603.7422467041015,0.010145330780596356,1964.5,-0.027666060364437528
2024-09-12,1873.0599365234375,1950.449951171875,1956.4000244140625,1910.800048828125,1925.0,8555092,0.02109778092962844,1906.7074890136719,1821.5529956054688,1606.3067462158203,0.010639320188773813,1964.5,-0.007151971915563715
2024-09-13,1866.9619140625,1944.0999755859375,1958.5999755859375,1935.6500244140625,1950.449951171875,3843127,-0.0032556465148578795,1910.964990234375,1827.8869946289062,1608.8442462158202,0.010022483628129656,1964.5,-0.010384334137980455
2024-09-16,1872.8680419921875,1950.25,1952.0,1933.050048828125,1945.75,1570181,0.0031634301174294777,1915.2374877929688,1833.878994140625,1611.4004962158203,0.01002255833367242,1964.5,-0.007253754135912449
2024-09-17,1875.07666015625,1952.550048828125,1958.449951171875,1942.1500244140625,1947.75,2793127,0.0011793610194206217,1919.2549926757813,1839.98099609375,1613.8742462158202,0.010017383982411471,1964.5,-0.0060829479113642115
2024-09-18,1817.0732421875,1892.1500244140625,1938.75,1881.300048828125,1938.75,6385468,-0.030933918672309213,1920.2274963378907,1844.59099609375,1616.0887463378906,0.012458328209131307,1964.5,-0.03682869716769532
2024-09-19,1819.041748046875,1894.199951171875,1924.9000244140625,1878.800048828125,1910.5999755859375,7976570,0.001083384896209516,1920.9249938964845,1849.3319946289062,1618.3727459716797,0.012432888195782468,1964.5,-0.035785211925744465
2024-09-20,1830.1336669921875,1905.75,1915.0,1867.4000244140625,1905.0,15242974,0.006097586910494446,1923.1074951171875,1854.4819946289062,1620.6879962158202,0.012257301049378356,1964.5,-0.02990582845507761
2024-09-23,1821.2025146484375,1896.449951171875,1918.9000244140625,1878.449951171875,1909.0,3636672,-0.004879994137806598,1924.122491455078,1859.3569946289062,1622.87224609375,0.012235280239492928,1964.5,-0.03463988232533721
2024-09-24,1823.2672119140625,1898.5999755859375,1910.9000244140625,1871.4000244140625,1888.0,7277616,0.0011337100737796035,1924.0474914550782,1863.093994140625,1625.0894958496094,0.011898882922763584,1964.5,-0.03354544383510438
2024-09-25,1820.0982666015625,1895.300048828125,1901.5999755859375,1876.800048828125,1886.3499755859375,4268341,-0.0017380842727515722,1921.8574951171875,1866.858994140625,1627.3044958496093,0.010877999763592914,1964.5,-0.03522522329950373
2024-09-26,1824.851806640625,1900.25,1917.949951171875,1893.0,1897.800048828125,8952803,0.0026116979076402647,1920.2024963378906,1870.3429931640626,1629.4839959716796,0.010898727419489634,1964.5,-0.03270552303385088
2024-09-27,1831.093994140625,1906.75,1974.5999755859375,1903.300048828125,1932.0999755859375,14908931,0.003420602552295815,1918.354998779297,1873.3169921875,1631.7479962158204,0.010849693671299218,1964.5,-0.029396793077118843
2024-09-30,1801.179931640625,1875.5999755859375,1901.25,1870.5,1880.0,6986955,-0.016336711374885238,1913.9099975585937,1874.9699926757812,1633.7544958496094,0.011010985280026794,1964.5,-0.04525325752815601
2024-10-01,1828.7891845703125,1904.3499755859375,1908.949951171875,1875.0,1875.0,4029072,0.015328428435822827,1912.0649963378905,1876.8399926757813,1635.9467456054688,0.011434228218260642,1964.5,-0.030618490411841393
2024-10-03,1818.2735595703125,1893.4000244140625,1911.8499755859375,1881.0,1889.5,7503887,-0.005749967869485673,1910.6125,1877.9699926757812,1637.9579956054688,0.011308227102389169,1964.5,-0.03619240294524684
2024-10-04,1842.0416259765625,1918.1500244140625,1954.0999755859375,1886.0,1889.550048828125,10001483,0.013071722658110296,1909.8625,1879.653994140625,1640.106245727539,0.011646605737472476,1964.5,-0.023593777340767397
2024-10-07,1857.55078125,1934.300048828125,1942.0,1916.050048828125,1923.199951171875,6112575,0.008419583561507737,1911.4850036621094,1881.8429956054688,1642.397495727539,0.011172457280316692,1964.5,-0.015372843559111726
2024-10-08,1871.2353515625,1948.550048828125,1957.949951171875,1906.3499755859375,1937.9000244140625,5637391,0.007367005966128826,1914.1800048828125,1883.23599609375,1644.8952459716797,0.011204243887357761,1964.5,-0.008119089423199277
2024-10-09,1875.2686767578125,1952.75,1977.0,1945.0999755859375,1952.550048828125,4857163,0.0021554238108489887,1916.2025024414063,1884.8689965820313,1647.1517462158204,0.01105351926472641,1964.5,-0.005981165691015478
2024-10-10,1842.85791015625,1919.0,1964.0,1914.0999755859375,1957.9000244140625,4782119,-0.017283318397132263,1916.645001220703,1885.70599609375,1648.85474609375,0.011791049518996897,1964.5,-0.023161109697123927
2024-10-11,1858.3189697265625,1935.0999755859375,1947.0,1910.0999755859375,1918.0,4709431,0.008389773624772001,1915.8775024414062,1887.0429956054688,1650.70849609375,0.010921512570751829,1964.5,-0.014965652539609353
2024-10-14,1881.1746826171875,1958.9000244140625,1969.5,1931.0999755859375,1932.1500244140625,3751378,0.0122991313773948,1916.6175048828125,1889.1689965820312,1652.7114959716796,0.011251642783155323,1964.5,-0.0028505856889475822
2024-10-15,1881.5589599609375,1959.300048828125,1991.449951171875,1951.75,1960.0,5353705,0.0002042086931834941,1917.0700073242188,1891.9309985351563,1654.82599609375,0.011233385805835138,1964.5,-0.002646959110142566
2024-10-16,1843.914306640625,1920.0999755859375,1959.550048828125,1916.3499755859375,1955.0,3111512,-0.020007182292285153,1915.4475036621093,1895.2949975585936,1656.7464959716797,0.01211005518939583,1964.5,-0.02260118320899085
2024-10-17,1890.0096435546875,1968.0999755859375,1978.0,1930.1500244140625,1935.199951171875,8162822,0.02499869830233825,1919.2450012207032,1899.6349975585938,1658.772495727539,0.011201173171459439,1968.0999755859375,0.0
2024-10-18,1805.0211181640625,1879.5999755859375,1936.8499755859375,1869.25,1893.800048828125,10526196,-0.04496722783285034,1918.5150024414063,1901.3939965820311,1660.4507458496093,0.015365038706669935,1968.0999755859375,-0.04496722783285034
2024-10-21,1779.236572265625,1852.75,1898.800048828125,1838.0,1891.0999755859375,4654601,-0.014284941442163746,1915.8650024414062,1903.58599609375,1661.8789959716796,0.01559448555447977,1968.0999755859375,-0.0586098150586053
2024-10-22,1778.132080078125,1851.5999755859375,1877.800048828125,1846.949951171875,1858.199951171875,4125240,-0.0006207121382066916,1913.6225036621095,1905.2029956054687,1663.323745727539,0.015571979955501986,1968.0999755859375,-0.05919414737318718
2024-10-23,1799.0672607421875,1873.4000244140625,1886.0,1844.0,1845.25,4311910,0.01177362773577828,1912.3625061035157,1906.7229956054687,1664.976245727539,0.015831159942126267,1968.0999755859375,-0.04811744949271757
2024-10-24,1789.4158935546875,1863.3499755859375,1884.0,1860.0,1861.4000244140625,2906475,-0.00536460376702963,1910.7650024414063,1908.04099609375,1666.5362457275392,0.015866245088016505,1968.0999755859375,-0.05322392220893868
2024-10-25,1788.1676025390625,1862.050048828125,1876.3499755859375,1846.4000244140625,1863.449951171875,4689120,-0.0006976288806957998,1908.8550048828124,1908.8169970703125,1668.1744958496095,0.01584681904663691,1968.0999755859375,-0.0538844205443576
2024-10-28,1791.336669921875,1865.3499755859375,1881.9000244140625,1857.0,1859.699951171875,7018940,0.0017722008921776666,1906.7850036621094,1908.9449975585937,1670.051245727539,0.01582747128937599,1968.0999755859375,-0.05220771367034316
2024-10-29,1786.4317626953125,1839.300048828125,1851.5999755859375,1829.0,1846.0,4621252,-0.013965168519987636,1904.9700073242188,1908.4349975585938,1671.6842462158204,0.01571482186182964,1968.0999755859375,-0.06544379267088118
2024-10-30,1750.301025390625,1802.0999755859375,1839.0,1796.3499755859375,1832.0,5919715,-0.020225124914169834,1899.8575073242187,1907.032998046875,1673.0319958496093,0.015798127532812838,1968.0999755859375,-0.08434530870342549
2024-10-31,1706.740234375,1757.25,1787.9000244140625,1746.5,1787.9000244140625,7395236,-0.024887617886657387,1893.0500061035157,1904.7239990234375,1674.2042456054687,0.01655798675847839,1968.0999755859375,-0.1071337727765399
2024-11-01,1710.236572265625,1760.8499755859375,1766.0,1752.050048828125,1764.5,371966,0.0020486416764475823,1885.1850036621095,1902.3359985351562,1675.3619952392578,0.01615259464561957,1968.0999755859375,-0.10530460981195733
2024-11-04,1712.9561767578125,1763.6500244140625,1767.0,1718.0,1724.5,7336722,0.0015901688769330846,1876.6525024414063,1900.3669995117189,1676.5807452392578,0.015943862430448867,1968.0999755859375,-0.10388189304814488
2024-11-05,1703.7777099609375,1754.199951171875,1768.449951171875,1745.0,1760.0,3160880,-0.005358247447833087,1866.9349975585938,1897.927998046875,1677.8807452392577,0.015698002279464263,1968.0999755859375,-0.10868351560767675
2024-11-06,1771.2801513671875,1823.699951171875,1827.199951171875,1762.6500244140625,1764.0,10421494,0.03961920073796099,1860.4824951171875,1896.3999975585937,1678.935494995117,0.018582274815277914,1968.0999755859375,-0.07337026889148357
2024-11-07,1751.2237548828125,1803.050048828125,1825.699951171875,1787.0,1812.949951171875,4550965,-0.011323081042186156,1854.6849975585938,1893.6789990234374,1679.6902453613282,0.018392163673670286,1968.0999755859375,-0.08386257243292439
2024-11-08,1777.3504638671875,1829.949951171875,1840.5999755859375,1813.1500244140625,1818.0,4210960,0.014919110182900042,1849.4274963378907,1891.6109985351563,1680.6822448730468,0.018660045792348756,1968.0999755859375,-0.07019461720837272
2024-11-11,1806.6337890625,1860.0999755859375,1868.0,1822.550048828125,1829.0,3804234,0.01647587377717885,1844.4874938964845,1889.9389990234374,1681.7817449951172,0.018858169384116538,1968.0999755859375,-0.0548752610841563
2024-11-12,1815.083740234375,1868.800048828125,1881.0,1861.0,1871.0999755859375,5012450,0.0046772073309913065,1839.9624938964844,1888.025,1682.9127453613282,0.018917298092922193,1968.0999755859375,-0.05045471672659774
2024-11-13,1814.6953125,1868.4000244140625,1873.199951171875,1856.300048828125,1861.0999755859375,4257495,-0.00021405415432929065,1837.3774963378905,1886.5680004882813,1683.958745727539,0.018448129580580407,1968.0999755859375,-0.05065797083920631
2024-11-14,1810.9559326171875,1864.550048828125,1876.0,1856.0,1865.5999755859375,4311431,-0.0020605735044051388,1832.2,1885.4100024414063,1685.0707458496095,0.01738723619618258,1968.0999755859375,-0.052614159871113175
2024-11-18,1759.3822021484375,1811.449951171875,1849.199951171875,1795.0,1849.199951171875,4839244,-0.028478773036756833,1828.792498779297,1882.9760009765625,1685.7509954833984,0.015565893090004872,1968.0999755859375,-0.07959454619038098
2024-11-19,1772.2999267578125,1824.75,1859.699951171875,1820.550048828125,1825.5,4669769,0.007342211591063297,1827.3924987792968,1881.4340014648437,1686.5292456054688,0.015398128782008693,1968.0999755859375,-0.07283673459894213
2024-11-21,1781.3326416015625,1834.050048828125,1867.0,1820.5999755859375,1842.0,5436504,0.005096615332579768,1826.5150024414063,1880.222001953125,1687.4164959716798,0.015451657063326976,1968.0999755859375,-0.06811134008469433
2024-11-22,1847.572265625,1902.25,1914.050048828125,1834.0,1854.0999755859375,6301486,0.03718543625101822,1827.957501220703,1880.0210009765624,1688.6704962158203,0.017421432329353132,1968.0999755859375,-0.03345865372836698
2024-11-25,1835.383056640625,1889.699951171875,1919.300048828125,1882.0,1916.0,12764638,-0.006597476056314888,1829.275,1879.6119995117188,1689.8144958496093,0.017446956281180155,1968.0999755859375,-0.03983538711783252
2024-11-26,1868.8427734375,1924.1500244140625,1938.5999755859375,1897.300048828125,1904.949951171875,6850495,0.018230446172591508,1832.3799987792968,1879.0860009765624,1691.1499957275391,0.017867132431787513,1968.0999755859375,-0.02233115782585704
2024-11-27,1869.1827392578125,1924.5,1941.4000244140625,1911.75,1930.0999755859375,4447143,0.00018188581009637161,1835.3375,1878.6940014648437,1692.3057458496094,0.017870765215831558,1968.0999755859375,-0.022153333736492198
2024-11-28,1803.282958984375,1856.6500244140625,1914.9000244140625,1851.6500244140625,1914.9000244140625,8468790,-0.03525589794021178,1836.2049987792968,1876.822001953125,1693.1529962158204,0.019420747670282037,1968.0999755859375,-0.05662819600345481
2024-11-29,1804.448486328125,1857.8499755859375,1877.0,1845.0,1851.0999755859375,5244346,0.0006462990634186205,1838.992498779297,1874.9280004882812,1693.7949963378906,0.018790623055531565,1968.0999755859375,-0.05601849569007622
2024-12-02,1825.7677001953125,1879.800048828125,1882.800048828125,1835.199951171875,1859.0,2868263,0.011814771661132095,1845.1200012207032,1874.6810009765625,1694.7252465820313,0.01782563730660326,1968.0999755859375,-0.044865569764322655
2024-12-03,1837.7139892578125,1892.0999755859375,1899.75,1871.1500244140625,1887.0,4715792,0.0065432101491220696,1851.6825012207032,1874.6390014648437,1695.7252465820313,0.017834348277061957,1968.0999755859375,-0.03861592446662854
2024-12-04,1834.9459228515625,1889.25,1913.949951171875,1875.0,1884.0,4705573,-0.0015062499987903433,1857.9625,1874.3090014648437,1696.8247467041015,0.017867509656428755,1968.0999755859375,-0.040064009229237696
2024-12-05,1879.2352294921875,1934.8499755859375,1949.9000244140625,1888.949951171875,1900.0,9050038,0.024136549205207025,1866.9950012207032,1875.077001953125,1698.0984967041015,0.01830141747224031,1968.0999755859375,-0.016894466954149978
2024-12-06,1867.1431884765625,1922.4000244140625,1937.949951171875,1912.4000244140625,1932.800048828125,3573331,-0.006434582178964421,1871.9300048828125,1875.5530029296874,1699.2877465820313,0.01653816477883246,1968.0999755859375,-0.02322034029712816
2024-12-09,1868.357177734375,1923.6500244140625,1930.199951171875,1897.199951171875,1924.199951171875,4274645,0.0006502288723082561,1877.9600036621093,1876.1200024414063,1700.5749969482422,0.016214747525604915,1968.0999755859375,-0.022585209960505948
2024-12-10,1892.54150390625,1948.550048828125,1965.5999755859375,1932.0,1939.0,6174921,0.012944155172740945,1883.8900085449218,1877.0860034179686,1701.935997314453,0.016146566777455844,1968.0999755859375,-0.00993340125010278
2024-12-11,1917.4056396484375,1974.1500244140625,1978.0,1952.0,1955.0,5025612,0.013137961532645015,1889.592510986328,1878.43400390625,1703.298497314453,0.016019622264420403,1974.1500244140625,0.0
2024-12-12,1929.88623046875,1987.0,1998.800048828125,1970.550048828125,1975.199951171875,6462130,0.006509118064495389,1895.502508544922,1880.6620043945313,1704.7347473144532,0.016034333472270273,1987.0,0.0
2024-12-13,1942.22119140625,1999.699951171875,2006.449951171875,1953.800048828125,1969.75,5362693,0.006391520468985945,1902.0675048828125,1882.56900390625,1706.3069970703125,0.016028478816188633,1999.699951171875,0.0
2024-12-16,1923.1361083984375,1980.050048828125,1999.5999755859375,1977.5999755859375,1995.449951171875,3119221,-0.009826425375584313,1907.8425048828126,1884.3020043945312,1707.9294970703124,0.016263227915963276,1999.699951171875,-0.009826425375584313
2024-12-17,1919.7852783203125,1976.5999755859375,1982.0,1958.0,1968.0,5811050,-0.0017424171900247698,1916.1000061035156,1885.4710034179689,1709.4057470703126,0.014534797731094146,1999.699951171875,-0.011551720833118173
2024-12-18,1922.261962890625,1979.1500244140625,1984.949951171875,1961.5999755859375,1966.800048828125,3064095,0.0012901188200051816,1923.8200073242188,1886.3680029296875,1710.917247314453,0.014534905125649809,1999.699951171875,-0.010276505105563327
2024-12-19,1890.259033203125,1946.199951171875,1959.75,1920.0,1934.0,5323592,-0.016648598052561803,1929.4275024414062,1886.3210009765626,1712.3474969482422,0.01525728174153655,1999.699951171875,-0.02675401375523745
2024-12-20,1866.9002685546875,1922.1500244140625,1979.949951171875,1911.25,1975.1500244140625,11056720,-0.012357377125269742,1930.4225036621094,1885.7090014648438,1713.6402471923827,0.013328962476461644,1999.699951171875,-0.03878078144291908
2024-12-23,1868.988525390625,1924.300048828125,1940.0,1909.0,1930.050048828125,2781793,0.001118551823090952,1932.1525085449218,1885.8150024414062,1714.9054974365235,0.013220735718574166,1999.699951171875,-0.037705607933612106
2024-12-24,1854.1768798828125,1909.050048828125,1942.0,1840.0,1927.050048828125,2360544,-0.007924959524522768,1931.397509765625,1885.29400390625,1716.0812475585938,0.012709441835225096,1999.699951171875,-0.04533175204141349
2024-12-26,1852.5743408203125,1907.4000244140625,1919.75,1902.300048828125,1909.050048828125,3623321,-0.000864317001576409,1930.5425109863281,1884.26400390625,1717.3447479248048,0.01270943513587064,1999.699951171875,-0.04615688803898921
2024-12-27,1861.655517578125,1916.75,1924.1500244140625,1903.9000244140625,1909.4000244140625,3937500,0.0049019479219152284,1933.547509765625,1883.4130029296875,1718.7424981689453,0.009730886893326629,1999.699951171875,-0.04148119877847889
2024-12-30,1851.2144775390625,1906.0,1916.0,1886.5,1915.699951171875,7789055,-0.005608451806443204,1935.955010986328,1883.1310034179687,1720.2399981689452,0.00986406752123569,1999.699951171875,-0.04685700528069947
